review_id,review_text,product,category,aspect,sentiment,source,date,rating,pattern
1,"unbelievable, oh perfect, the back support broke on day two. Just what I needed. #disappointed",ErgoMax Office Chair,Home & Furniture,customer_service,negative,Twitter,2025-10-01,1,sarcasm
2,"Got this ProGlide Gaming Mouse during the sale. The grip is awful, but honestly click feel is genuinely the best in this range and that matters more. Will buy again.",ProGlide Gaming Mouse,Electronics,build,positive,Flipkart,2025-10-01,4,mixed
3,Second CrispAir Air Fryer I have bought from this seller. Build quality is way better than I expected. Return pickup is scheduled for tomorrow. Very happy with the purchase.,CrispAir Air Fryer,Kitchen,build,positive,Flipkart,2025-10-01,5,plain
4,"Ordered the PowerCore Power Bank for my brother. Got it at a fantastic price in the sale. Heat management is fine, neither great nor bad.",PowerCore Power Bank,Electronics,value,positive,Flipkart,2025-10-01,5,plain
5,Second UrbanPack Laptop Backpack I have bought from this seller. The storage space is okay.,UrbanPack Laptop Backpack,Fashion,space,neutral,Flipkart,2025-10-01,4,plain
6,"Using this ErgoMax Office Chair for a month now. Assembly is superb for the price. Height adjustment is fine, neither great nor bad. Very happy with the purchase.",ErgoMax Office Chair,Home & Furniture,assembly,positive,Flipkart,2025-10-01,4,plain
7,"unbelievable, the parcel was delayed three times. pairing is average, nothing special. #scam #worstservice 👎",BoomBox Speaker,Electronics,delivery,negative,Twitter,2025-10-01,1,plain
8,"Ordered the Nova 5G Smartphone today, let's see how it goes. #newpurchase #shopping",Nova 5G Smartphone,Electronics,build,neutral,Twitter,2025-10-01,3,wait_and_see
9,"Switched to the BlendPro Blender from my old one, still getting used to it. 📦",BlendPro Blender,Kitchen,value,neutral,Twitter,2025-10-01,2,wait_and_see
10,Got this CrispAir Air Fryer during the sale. Absolutely love the non-stick basket. Highly recommended!,CrispAir Air Fryer,Kitchen,cleaning,positive,Flipkart,2025-10-01,4,plain
11,"Second UrbanPack Laptop Backpack I have bought from this seller. Sure, the stitching is excellent, however delivery was rescheduled again and again. Avoid this one.",UrbanPack Laptop Backpack,Fashion,delivery,neutral,Flipkart,2025-10-02,3,noisy_label
12,"The bass is brilliant, although still waiting for my refund after three weeks, so it balances out.",BoomBox Speaker,Electronics,sound,neutral,Twitter,2025-10-02,2,mixed
13,"Bought the StrideRun Running Shoes last week. Contacted support to check the warranty, they explained the process. Average product overall.",StrideRun Running Shoes,Fashion,customer_service,neutral,Flipkart,2025-10-02,3,plain
14,"pairing is solid and reliable. contacted support to check the warranty, they explained the process.",BoomBox Speaker,Electronics,connectivity,positive,Twitter,2025-10-03,5,plain
15,"Design is solid and reliable, but the delivery person never showed up.",UrbanPack Laptop Backpack,Fashion,delivery,negative,Flipkart,2025-10-03,2,mixed
16,Bought the Lumi LED Desk Lamp last week. The design is about what you would expect. The dimmer control is about what you would expect.,Lumi LED Desk Lamp,Home & Furniture,design,neutral,Flipkart,2025-10-03,3,plain
17,"Delivered on time, no fuss. Go for it.",AirBeat Earbuds,Electronics,delivery,positive,Flipkart,2025-10-03,5,plain
18,Using this PowerCore Power Bank for a month now. Delivered on the expected date. The build quality does the job. Average product overall.,PowerCore Power Bank,Electronics,delivery,neutral,Flipkart,2025-10-04,2,plain
19,Bought this BoomBox Speaker after reading the reviews. The build quality stopped working within a week. Box arrived crushed and the seal was broken. Regret buying it.,BoomBox Speaker,Electronics,build,negative,Flipkart,2025-10-04,1,plain
20,@FlipkartSupport Delivery took almost two weeks. Storage space is decent for daily use. #disappointed #fail 😤,UrbanPack Laptop Backpack,Fashion,delivery,negative,Twitter,2025-10-04,2,plain
21,Bought this BlendPro Blender after reading the reviews. The motor noise feels cheap and flimsy.,BlendPro Blender,Kitchen,noise,negative,Flipkart,2025-10-04,1,plain
22,ngl the stitching is brilliant. Replacement arrived within three days. https://t.co/ax501k6191,UrbanPack Laptop Backpack,Fashion,durability,positive,Twitter,2025-10-04,5,plain
23,Got this PowerCore Power Bank during the sale. Worth every penny. Very happy with the purchase.,PowerCore Power Bank,Electronics,value,positive,Flipkart,2025-10-04,4,plain
24,Upgraded to the UrbanPack Laptop Backpack recently. Return and refund were completely hassle-free. Arrived a day earlier than promised.,UrbanPack Laptop Backpack,Fashion,returns,positive,Flipkart,2025-10-05,5,plain
25,@Flipkart The parcel was delayed three times. 🙄,AirBeat Earbuds,Electronics,delivery,negative,Twitter,2025-10-05,2,plain
26,"Got this Lumi LED Desk Lamp during the sale. The dimmer control is brilliant. Contacted support to check the warranty, they explained the process. Go for it.",Lumi LED Desk Lamp,Home & Furniture,adjust,positive,Flipkart,2025-10-05,4,plain
27,@flipkartsupport arrived a day earlier than promised. ❤️ https://t.co/19ev5i5uax,CrispAir Air Fryer,Kitchen,delivery,positive,Twitter,2025-10-05,5,plain
28,@FlipkartSupport Support chat closed my ticket without fixing anything. #scam 👎,StrideRun Running Shoes,Fashion,customer_service,negative,Twitter,2025-10-05,2,plain
29,"@Flipkart The delivery person never showed up, even though great value for money. #disappointed #refundplease",BlendPro Blender,Kitchen,delivery,negative,Twitter,2025-10-05,2,mixed
30,"Ordered the AirBeat Earbuds for my brother. Delivered on time, no fuss. The fit in the ear is okay. Highly recommended!",AirBeat Earbuds,Electronics,delivery,positive,Flipkart,2025-10-05,4,plain
31,Ordered the AirBeat Earbuds for my brother. Fit in the ear is superb for the price but customer care keeps giving me copy-paste replies. Average overall.,AirBeat Earbuds,Electronics,comfort,neutral,Flipkart,2025-10-05,2,mixed
32,@Flipkart honestly the design is top notch. #loveit ❤️,Lumi LED Desk Lamp,Home & Furniture,design,positive,Twitter,2025-10-06,5,plain
33,Ordered the Lumi LED Desk Lamp for my brother. The brightness is not worth the money.,Lumi LED Desk Lamp,Home & Furniture,brightness,negative,Flipkart,2025-10-06,2,negation
34,Priced about the same as other brands. 🤔,BoomBox Speaker,Electronics,value,neutral,Twitter,2025-10-06,3,plain
35,Support chat closed my ticket without fixing anything. 💔,Nova 5G Smartphone,Electronics,customer_service,negative,Twitter,2025-10-06,2,plain
36,support team was helpful and quick. the blending power does the job. 😊,BlendPro Blender,Kitchen,customer_service,positive,Twitter,2025-10-06,4,plain
37,"@Flipkart Worth every penny. Yes, still waiting for my refund after three weeks, but overall I am happy. #happycustomer #loveit https://t.co/rjwpwqfj2s",ProGlide Gaming Mouse,Electronics,value,positive,Twitter,2025-10-06,4,mixed
38,Using this ProGlide Gaming Mouse for a month now. Great value for money. The delivery guy was very polite and on time. Highly recommended!,ProGlide Gaming Mouse,Electronics,value,positive,Flipkart,2025-10-06,5,plain
39,tbh the build quality is excellent. #loveit ❤️,CrispAir Air Fryer,Kitchen,build,positive,Twitter,2025-10-07,4,plain
40,"Ordered the ErgoMax Office Chair today, let's see how it goes.",ErgoMax Office Chair,Home & Furniture,assembly,neutral,Flipkart,2025-10-07,3,wait_and_see
41,"@flipkartsupport the parcel was delayed three times, even though no complaints at all about the back support. 🙄",ErgoMax Office Chair,Home & Furniture,delivery,negative,Twitter,2025-10-07,3,mixed
42,camera is way better than i expected. the build quality has been flawless so far.,Nova 5G Smartphone,Electronics,camera,positive,Twitter,2025-10-07,4,plain
43,@flipkartsupport seriously box arrived crushed and the seal was broken. 💔,ProGlide Gaming Mouse,Electronics,packaging,negative,Twitter,2025-10-07,1,plain
44,"Bought the ErgoMax Office Chair last week. Worth every penny. Assembly took ten minutes, very easy. Very happy with the purchase.",ErgoMax Office Chair,Home & Furniture,value,positive,Flipkart,2025-10-07,5,plain
45,"@flipkart tbh best proglide gaming mouse ever, if you enjoy restarting it every hour. #scam https://t.co/ns4t7sh916",ProGlide Gaming Mouse,Electronics,delivery,negative,Twitter,2025-10-07,1,sarcasm
46,The build quality has been flawless so far. Packaging was basic. Go for it.,BoomBox Speaker,Electronics,build,positive,Flipkart,2025-10-07,5,plain
47,Bought this CrispAir Air Fryer after reading the reviews. Got it at a fantastic price in the sale. Came in a plain brown box. Very happy with the purchase.,CrispAir Air Fryer,Kitchen,value,positive,Flipkart,2025-10-07,5,plain
48,Using this Nova 5G Smartphone for a month now. The performance has been flawless so far.,Nova 5G Smartphone,Electronics,performance,positive,Flipkart,2025-10-08,5,plain
49,Second StrideRun Running Shoes I have bought from this seller. Arrived a day earlier than promised. Came in a plain brown box. Very happy with the purchase.,StrideRun Running Shoes,Fashion,delivery,positive,Flipkart,2025-10-08,5,plain
50,"Using the CrispAir Air Fryer for two days now, no strong opinion yet. Let's see how it holds up.",CrispAir Air Fryer,Kitchen,build,neutral,Flipkart,2025-10-08,3,wait_and_see
51,Worth every penny. The brightness is excellent. 🔥,Lumi LED Desk Lamp,Home & Furniture,value,positive,Twitter,2025-10-08,5,plain
52,Really impressed with the cleaning. Came in really sturdy packaging. Five stars from me.,BlendPro Blender,Kitchen,cleaning,positive,Flipkart,2025-10-08,5,plain
53,"so far so good, return request rejected for no reason, but honestly absolutely love the performance and that matters more. #unboxing 😍",Nova 5G Smartphone,Electronics,performance,positive,Twitter,2025-10-08,4,mixed
54,"Ordered the ProGlide Gaming Mouse today, let's see how it goes. It's okay for the price.",ProGlide Gaming Mouse,Electronics,software,neutral,Flipkart,2025-10-08,3,wait_and_see
55,Ordered the StrideRun Running Shoes for my brother. The sole durability is top notch. Go for it.,StrideRun Running Shoes,Fashion,durability,positive,Flipkart,2025-10-08,5,plain
56,Second PowerCore Power Bank I have bought from this seller. The capacity is excellent. Priced about the same as other brands. Go for it.,PowerCore Power Bank,Electronics,battery,positive,Flipkart,2025-10-08,5,plain
57,"Upgraded to the ProGlide Gaming Mouse recently. Box arrived crushed and the seal was broken, but honestly the sensor accuracy works perfectly and that matters more. Highly recommended!",ProGlide Gaming Mouse,Electronics,performance,positive,Flipkart,2025-10-09,4,mixed
58,"Ordered the ProGlide Gaming Mouse today, let's see how it goes. Nothing more to add.",ProGlide Gaming Mouse,Electronics,software,neutral,Flipkart,2025-10-09,3,wait_and_see
59,@Flipkart Packaging was torn and the item was scratched. #fail 💔 https://t.co/c74rxvdkb9,UrbanPack Laptop Backpack,Fashion,packaging,negative,Twitter,2025-10-09,1,plain
60,Ordered the UrbanPack Laptop Backpack for my brother. Pros: arrived a day earlier than promised. Cons: the stitching is the worst I have seen. Mixed feelings.,UrbanPack Laptop Backpack,Fashion,delivery,neutral,Flipkart,2025-10-09,3,mixed
61,honestly packaging was neat and secure. Replacement arrived within three days. #techreview,UrbanPack Laptop Backpack,Fashion,packaging,positive,Twitter,2025-10-09,4,plain
62,"Bought this BlendPro Blender after reading the reviews. Return and refund were completely hassle-free, although motor noise is a joke at this price, so it balances out. Let's see how it holds up.",BlendPro Blender,Kitchen,returns,neutral,Flipkart,2025-10-09,2,mixed
63,Bought this PowerCore Power Bank after reading the reviews. The capacity never disappoints but delivery was rescheduled again and again. Average overall. It's okay for the price.,PowerCore Power Bank,Electronics,battery,neutral,Flipkart,2025-10-09,2,mixed
64,The cooking performance is top notch. Build quality is decent for daily use. Go for it.,CrispAir Air Fryer,Kitchen,performance,positive,Flipkart,2025-10-09,4,plain
65,Ordered the Lumi LED Desk Lamp for my brother. The delivery person never showed up. The brightness is about what you would expect.,Lumi LED Desk Lamp,Home & Furniture,delivery,negative,Flipkart,2025-10-09,3,plain
66,Bought the ErgoMax Office Chair last week. The assembly is the worst I have seen. Still waiting for my refund after three weeks. Do not buy.,ErgoMax Office Chair,Home & Furniture,assembly,negative,Flipkart,2025-10-09,2,plain
67,The look has been flawless so far. Go for it.,StrideRun Running Shoes,Fashion,design,positive,Flipkart,2025-10-10,5,plain
68,Second UrbanPack Laptop Backpack I have bought from this seller. Pros: worth every penny. Cons: packaging was torn and the item was scratched. Mixed feelings. Average product overall.,UrbanPack Laptop Backpack,Fashion,value,neutral,Flipkart,2025-10-10,2,mixed
69,Second StrideRun Running Shoes I have bought from this seller. The cushioning is about what you would expect. Nothing more to add.,StrideRun Running Shoes,Fashion,comfort,neutral,Flipkart,2025-10-10,3,plain
70,"It gets dangerously hot while charging, even though support team was helpful and quick. Returning it.",PowerCore Power Bank,Electronics,heat,negative,Flipkart,2025-10-10,2,mixed
71,"Received the UrbanPack Laptop Backpack yesterday, will update after a week of use. Let's see how it holds up.",UrbanPack Laptop Backpack,Fashion,design,neutral,Flipkart,2025-10-10,3,wait_and_see
72,The build quality works perfectly. Support team was helpful and quick. Will buy again.,PowerCore Power Bank,Electronics,build,positive,Flipkart,2025-10-10,5,plain
73,Bought the Lumi LED Desk Lamp last week. Dimmer control is genuinely the best in this range. Design is solid and reliable. Highly recommended!,Lumi LED Desk Lamp,Home & Furniture,adjust,positive,Flipkart,2025-10-10,5,plain
74,"Got this PowerCore Power Bank during the sale. Seriously overpriced for what you get, but honestly customer support solved my issue in minutes and that matters more.",PowerCore Power Bank,Electronics,customer_service,positive,Flipkart,2025-10-10,4,mixed
75,honestly the delivery guy was very polite and on time. 👍,StrideRun Running Shoes,Fashion,delivery,positive,Twitter,2025-10-10,5,plain
76,"great value for money. yes, can't recommend the cooking performance to anyone, but overall i am happy.",CrispAir Air Fryer,Kitchen,value,positive,Twitter,2025-10-10,3,mixed
77,Ordered the UrbanPack Laptop Backpack for my brother. Only downside: return request rejected for no reason. Otherwise customer support solved my issue in minutes.,UrbanPack Laptop Backpack,Fashion,customer_service,positive,Flipkart,2025-10-10,4,mixed
78,@FlipkartSupport The parcel was delayed three times. Return pickup is scheduled for tomorrow. https://t.co/h8e7tk9g7z,Nova 5G Smartphone,Electronics,delivery,negative,Twitter,2025-10-10,1,plain
79,"honestly not worth the money at all, but honestly design is genuinely the best in this range and that matters more. #unboxing",UrbanPack Laptop Backpack,Fashion,design,positive,Twitter,2025-10-10,4,mixed
80,@Flipkart Delivery took almost two weeks. https://t.co/b8gitxk1i9,Nova 5G Smartphone,Electronics,delivery,negative,Twitter,2025-10-10,1,plain
81,tbh packaging was neat and secure. Great value for money. #happycustomer #techreview,AirBeat Earbuds,Electronics,packaging,positive,Twitter,2025-10-11,3,plain
82,"using the powercore power bank for two days now, no strong opinion yet. 🙂 https://t.co/wqun5gmvr1",PowerCore Power Bank,Electronics,value,neutral,Twitter,2025-10-11,4,wait_and_see
83,Packaging was neat and secure but the delivery person never showed up. Average overall. #shopping,Nova 5G Smartphone,Electronics,packaging,neutral,Twitter,2025-10-11,2,mixed
84,"Bought this UrbanPack Laptop Backpack after reading the reviews. Delivered on time, no fuss. Packaging was neat and secure. Will buy again.",UrbanPack Laptop Backpack,Fashion,delivery,positive,Flipkart,2025-10-11,5,plain
85,Got this ProGlide Gaming Mouse during the sale. Packaging was neat and secure but support chat closed my ticket without fixing anything. Average overall. Average product overall.,ProGlide Gaming Mouse,Electronics,packaging,neutral,Flipkart,2025-10-11,2,mixed
86,"@FlipkartSupport unbelievable, customer care keeps giving me copy-paste replies. #disappointed #fail",BoomBox Speaker,Electronics,customer_service,negative,Twitter,2025-10-11,2,plain
87,Bought this BoomBox Speaker after reading the reviews. Customer support solved my issue in minutes.,BoomBox Speaker,Electronics,customer_service,positive,Flipkart,2025-10-11,4,plain
88,"Bought this UrbanPack Laptop Backpack after reading the reviews. Delivery was rescheduled again and again. Contacted support to check the warranty, they explained the process. Very disappointed.",UrbanPack Laptop Backpack,Fashion,delivery,negative,Flipkart,2025-10-11,2,plain
89,@FlipkartSupport Really disappointed with the design. #refundplease #worstservice 💔,Lumi LED Desk Lamp,Home & Furniture,design,negative,Twitter,2025-10-12,1,plain
90,absolutely love the design. delivery took the usual four to five days. #unboxing 🔥,UrbanPack Laptop Backpack,Fashion,design,positive,Twitter,2025-10-12,5,plain
91,Got this PowerCore Power Bank during the sale. Heat management is way better than I expected. Worth every penny. Highly recommended!,PowerCore Power Bank,Electronics,heat,positive,Flipkart,2025-10-12,4,plain
92,Bought the CrispAir Air Fryer last week. The noise level is brilliant. Highly recommended!,CrispAir Air Fryer,Kitchen,noise,positive,Flipkart,2025-10-12,5,plain
93,Bluetooth connection is solid and reliable. #techreview,AirBeat Earbuds,Electronics,connectivity,positive,Twitter,2025-10-12,4,plain
94,"Using the PowerCore Power Bank for two days now, no strong opinion yet. Let's see how it holds up.",PowerCore Power Bank,Electronics,heat,neutral,Flipkart,2025-10-12,3,wait_and_see
95,"Sensor accuracy is genuinely the best in this range. Yes, deliveryyy took almost two weeks, but overall I am happy.",ProGlide Gaming Mouse,Electronics,performance,positive,Twitter,2025-10-13,3,mixed
96,Upgraded to the StrideRun Running Shoes recently. The size and fit has been flawless so far. Five stars from me.,StrideRun Running Shoes,Fashion,fit,positive,Flipkart,2025-10-13,3,plain
97,Support team was helpful and quick. Delivery was super quick. #techreview #loveit,Nova 5G Smartphone,Electronics,customer_service,positive,Twitter,2025-10-13,5,plain
98,"ugh, thanks for the CrispAir Air Fryer that heats up like a stove. Really appreciate it. #fail",CrispAir Air Fryer,Kitchen,delivery,negative,Twitter,2025-10-13,1,sarcasm
99,Great value for money. The stitching has been flawless so far. Five stars from me.,UrbanPack Laptop Backpack,Fashion,value,positive,Flipkart,2025-10-13,4,plain
100,Using this CrispAir Air Fryer for a month now. The non-stick basket is top notch. Very happy with the purchase.,CrispAir Air Fryer,Kitchen,cleaning,positive,Flipkart,2025-10-13,4,plain
101,"Got the BlendPro Blender as a gift, still setting it up. It's okay for the price.",BlendPro Blender,Kitchen,cleaning,neutral,Flipkart,2025-10-14,3,wait_and_see
102,@Flipkart Not worth the money at all. The fit in the ear stopped working within a week. #scam,AirBeat Earbuds,Electronics,value,negative,Twitter,2025-10-14,2,plain
103,Got it at a fantastic price in the sale. Will buy again.,ErgoMax Office Chair,Home & Furniture,value,positive,Flipkart,2025-10-14,5,plain
104,The battery backup has been flawless so far. Return and refund were completely hassle-free. #unboxing 👍,BoomBox Speaker,Electronics,battery,positive,Twitter,2025-10-14,5,plain
105,"Upgraded to the BoomBox Speaker recently. Delivery was rescheduled again and again, but honestly worth every penny and that matters more. Very happy with the purchase.",BoomBox Speaker,Electronics,value,positive,Flipkart,2025-10-14,4,mixed
106,The Bluetooth connection is terrible. The fit in the ear is not good at all.,AirBeat Earbuds,Electronics,connectivity,negative,Twitter,2025-10-14,3,negation
107,Bought the BoomBox Speaker last week. Pairing is solid and reliable.,BoomBox Speaker,Electronics,connectivity,positive,Flipkart,2025-10-14,4,plain
108,The blending power is as described. #unboxing #newpurchase 📦,BlendPro Blender,Kitchen,performance,neutral,Twitter,2025-10-14,3,plain
109,Using this CrispAir Air Fryer for a month now. Packaging was neat and secure. Highly recommended!,CrispAir Air Fryer,Kitchen,packaging,positive,Flipkart,2025-10-14,4,plain
110,Only downside: customer care keeps giving me copy-paste replies. Otherwise the performance is excellent. #techreview #recommended,Nova 5G Smartphone,Electronics,performance,positive,Twitter,2025-10-15,3,mixed
111,Bought the UrbanPack Laptop Backpack last week. The storage space is the worst I have seen. Delivered on the expected date.,UrbanPack Laptop Backpack,Fashion,space,negative,Flipkart,2025-10-15,1,plain
112,"The dimmer control has been flawless so far, although brightness is completely useless, so it balances out. Three stars.",Lumi LED Desk Lamp,Home & Furniture,adjust,neutral,Flipkart,2025-10-15,2,mixed
113,"Bought the Nova 5G Smartphone last week. The performance is brilliant. Yes, total waste of money, but overall I am happy.",Nova 5G Smartphone,Electronics,performance,positive,Flipkart,2025-10-15,4,mixed
114,Support said a technician will visit next week.,ErgoMax Office Chair,Home & Furniture,customer_service,neutral,Twitter,2025-10-15,3,plain
115,Bought this BlendPro Blender after reading the reviews. The motor noise is excellent.,BlendPro Blender,Kitchen,noise,positive,Flipkart,2025-10-15,4,plain
116,The cleaning is top notch.,BlendPro Blender,Kitchen,cleaning,positive,Flipkart,2025-10-15,5,plain
117,"Second Nova 5G Smartphone I have bought from this seller. The delivery guy was very polite and on time. The build quality is not just good, it is great.",Nova 5G Smartphone,Electronics,delivery,positive,Flipkart,2025-10-15,5,negation
118,Pros: replacement arrived within three days. Cons: order was stuck in transit for days. Mixed feelings. #unboxing #firstimpressions 🙂,Lumi LED Desk Lamp,Home & Furniture,returns,neutral,Twitter,2025-10-15,2,mixed
119,"@flipkartsupport order was stuck in transit for days, even though packaging was neat and secure. 👎",AirBeat Earbuds,Electronics,delivery,negative,Twitter,2025-10-15,2,mixed
120,"Just unboxed the CrispAir Air Fryer, too early to say anything. 📦",CrispAir Air Fryer,Kitchen,performance,neutral,Twitter,2025-10-16,2,wait_and_see
121,ngl build quality is superb for the price. Got it at a fantastic price in the sale. #loveit #techreview 👍,PowerCore Power Bank,Electronics,build,positive,Twitter,2025-10-16,3,plain
122,Bought this BoomBox Speaker after reading the reviews. The battery backup is about what you would expect. Average product overall.,BoomBox Speaker,Electronics,battery,neutral,Flipkart,2025-10-16,2,plain
123,"@FlipkartSupport Sure, customer support solved my issue in minutes, however the battery life is awful. 👎",AirBeat Earbuds,Electronics,battery,negative,Twitter,2025-10-16,2,mixed
124,Non-stick basket is genuinely the best in this range.,CrispAir Air Fryer,Kitchen,cleaning,positive,Flipkart,2025-10-16,5,plain
125,"Assembly took ten minutes, very easy. The build quality does the job. #unboxing #recommended",ErgoMax Office Chair,Home & Furniture,assembly,positive,Twitter,2025-10-16,3,plain
126,Got this BlendPro Blender during the sale. Return and refund were completely hassle-free. The cleaning is excellent. Will buy again.,BlendPro Blender,Kitchen,returns,positive,Flipkart,2025-10-16,5,plain
127,"Ordered the BlendPro Blender for my brother. No complaints at all about the cleaning, although really disappointed with the jar quality, so it balances out.",BlendPro Blender,Kitchen,cleaning,neutral,Flipkart,2025-10-16,2,mixed
128,@Flipkart seriously build quality is nowhere near what was promised. #fail 💔,BoomBox Speaker,Electronics,build,negative,Twitter,2025-10-17,2,negation
129,Using this PowerCore Power Bank for a month now. Stays cool even while fast charging.,PowerCore Power Bank,Electronics,heat,positive,Flipkart,2025-10-17,4,plain
130,Ordered the Nova 5G Smartphone for my brother. The camera is about what you would expect. Nothing more to add.,Nova 5G Smartphone,Electronics,camera,neutral,Flipkart,2025-10-17,4,plain
131,"@Flipkart Ordered the BoomBox Speaker today, let's see how it goes. #firstimpressions 🤔",BoomBox Speaker,Electronics,returns,neutral,Twitter,2025-10-17,3,wait_and_see
132,Bought this ProGlide Gaming Mouse after reading the reviews. Only downside: the sensor accuracy is terrible. Otherwise great value for money. Highly recommended!,ProGlide Gaming Mouse,Electronics,value,positive,Flipkart,2025-10-17,3,mixed
133,The sound quality does the job. Bluetooth connection is decent for daily use. Three stars.,AirBeat Earbuds,Electronics,sound,neutral,Flipkart,2025-10-17,3,plain
134,Ordered the PowerCore Power Bank for my brother. Delivery took almost two weeks. Heat management is standard for this segment.,PowerCore Power Bank,Electronics,delivery,negative,Flipkart,2025-10-17,2,plain
135,"Ordered the PowerCore Power Bank today, let's see how it goes.",PowerCore Power Bank,Electronics,customer_service,neutral,Flipkart,2025-10-17,3,wait_and_see
136,"Ordered the ProGlide Gaming Mouse for my brother. Delivery was super quick, although support chat closed my ticket without fixing anything, so it balances out.",ProGlide Gaming Mouse,Electronics,delivery,neutral,Flipkart,2025-10-17,3,mixed
137,Upgraded to the BlendPro Blender recently. Delivered on the expected date. Average product overall.,BlendPro Blender,Kitchen,delivery,neutral,Flipkart,2025-10-17,3,plain
138,"Replacement arrived within three days. Yes, non-stick basket is completely useless, but overall I am happy. Go for it.",CrispAir Air Fryer,Kitchen,returns,positive,Flipkart,2025-10-17,3,mixed
139,@FlipkartSupport Raised a complaint 10 days ago and still no response. The grip does the job. #fail 😡,ProGlide Gaming Mouse,Electronics,customer_service,negative,Twitter,2025-10-17,1,plain
140,"Upgraded to the ErgoMax Office Chair recently. The back support is top notch. Contacted support to check the warranty, they explained the process.",ErgoMax Office Chair,Home & Furniture,comfort,positive,Flipkart,2025-10-18,4,plain
141,Does the UrbanPack Laptop Backpack support fast charging? Thinking of buying one. Three stars.,UrbanPack Laptop Backpack,Fashion,durability,neutral,Flipkart,2025-10-18,4,wait_and_see
142,@Flipkart Customer care keeps giving me copy-paste replies. 👎,BoomBox Speaker,Electronics,customer_service,negative,Twitter,2025-10-18,2,plain
143,Using this ProGlide Gaming Mouse for a month now. The RGB software never disappoints. Support team was helpful and quick. Highly recommended!,ProGlide Gaming Mouse,Electronics,software,positive,Flipkart,2025-10-18,5,negation
144,"Upgraded to the BlendPro Blender recently. Customer support solved my issue in minutes. The cleaning is not bad at all, actually very good.",BlendPro Blender,Kitchen,customer_service,positive,Flipkart,2025-10-18,5,negation
145,tbh the back support never disappoints. really impressed with the height adjustment. #happycustomer,ErgoMax Office Chair,Home & Furniture,comfort,positive,Twitter,2025-10-18,5,negation
146,@Flipkart Delivery took almost two weeks.,BlendPro Blender,Kitchen,delivery,negative,Twitter,2025-10-18,1,plain
147,Delivery was super quick. Absolutely love the storage space. Five stars from me.,UrbanPack Laptop Backpack,Fashion,delivery,positive,Flipkart,2025-10-18,5,plain
148,Upgraded to the BlendPro Blender recently. Delivery was rescheduled again and again. Seriously overpriced for what you get. Avoid this one.,BlendPro Blender,Kitchen,delivery,negative,Flipkart,2025-10-18,1,plain
149,Using this Nova 5G Smartphone for a month now. Came in really sturdy packaging. Five stars from me.,Nova 5G Smartphone,Electronics,packaging,positive,Flipkart,2025-10-18,5,plain
150,ngl packaging was neat and secure. #unboxing #techreview 😍,StrideRun Running Shoes,Fashion,packaging,positive,Twitter,2025-10-18,4,plain
151,"Using the Nova 5G Smartphone for two days now, no strong opinion yet. Average product overall.",Nova 5G Smartphone,Electronics,battery,neutral,Flipkart,2025-10-18,3,wait_and_see
152,"@flipkartsupport ugh, battery drains overnight even when idle. #worstservice",BoomBox Speaker,Electronics,battery,negative,Twitter,2025-10-18,2,plain
153,Does the Lumi LED Desk Lamp support fast charging? Thinking of buying one. It's okay for the price.,Lumi LED Desk Lamp,Home & Furniture,adjust,neutral,Flipkart,2025-10-18,3,wait_and_see
154,Second ProGlide Gaming Mouse I have bought from this seller. Sensor accuracy is solid and reliable. Support team was helpful and quick.,ProGlide Gaming Mouse,Electronics,performance,positive,Flipkart,2025-10-19,4,plain
155,Upgraded to the ErgoMax Office Chair recently. Back support gave up after just a few days. Regret buying it.,ErgoMax Office Chair,Home & Furniture,comfort,negative,Flipkart,2025-10-19,2,plain
156,Using this Nova 5G Smartphone for a month now. The performance feels cheap and flimsy. The build quality feels cheap and flimsy. Regret buying it.,Nova 5G Smartphone,Electronics,performance,negative,Flipkart,2025-10-19,2,plain
157,the click feel stopped working within a week. #scam,ProGlide Gaming Mouse,Electronics,build,negative,Twitter,2025-10-19,2,plain
158,Support team was helpful and quick but box arrived crushed and the seal was broken. Average overall. #newpurchase 🤔,AirBeat Earbuds,Electronics,customer_service,neutral,Twitter,2025-10-19,3,mixed
159,Bought this ErgoMax Office Chair after reading the reviews. Only downside: return request rejected for no reason. Otherwise the height adjustment never disappoints. Highly recommended!,ErgoMax Office Chair,Home & Furniture,adjust,positive,Flipkart,2025-10-19,3,mixed
160,"@Flipkart Sure, return and refund were completely hassle-free, however the dimmer control doesn't work properly.",Lumi LED Desk Lamp,Home & Furniture,adjust,negative,Twitter,2025-10-19,2,mixed
161,"Ordered the Lumi LED Desk Lamp for my brother. Delivered on the expected date. Contacted support to check the warranty, they explained the process.",Lumi LED Desk Lamp,Home & Furniture,delivery,neutral,Flipkart,2025-10-19,3,plain
162,"Delivery was super quick. The cleaning is not bad at all, actually very good. ❤️",BlendPro Blender,Kitchen,delivery,positive,Twitter,2025-10-19,5,negation
163,"Bought this Lumi LED Desk Lamp after reading the reviews. Great value for money. Yes, the parcel was delayed three times, but overall I am happy.",Lumi LED Desk Lamp,Home & Furniture,value,positive,Flipkart,2025-10-19,4,mixed
164,Pros: build quality is solid and reliable. Cons: return request rejected for no reason. Mixed feelings. Three stars.,BoomBox Speaker,Electronics,build,neutral,Flipkart,2025-10-20,2,mixed
165,Second ProGlide Gaming Mouse I have bought from this seller. Packaging was neat and secure.,ProGlide Gaming Mouse,Electronics,packaging,positive,Flipkart,2025-10-20,5,plain
166,"Got this Nova 5G Smartphone during the sale. Support team was helpful and quick, but can't recommend the camera to anyone. Regret buying it.",Nova 5G Smartphone,Electronics,camera,negative,Flipkart,2025-10-20,3,mixed
167,"Bought this BlendPro Blender after reading the reviews. Still waiting for my refund after three weeks, even though the motor noise has been flawless so far.",BlendPro Blender,Kitchen,returns,negative,Flipkart,2025-10-20,3,mixed
168,"Got this BlendPro Blender during the sale. Return request rejected for no reason, but honestly the blending power is top notch and that matters more.",BlendPro Blender,Kitchen,performance,positive,Flipkart,2025-10-20,4,mixed
169,"Ordered the CrispAir Air Fryer for my brother. Delivered on time, no fuss. Will buy again.",CrispAir Air Fryer,Kitchen,delivery,positive,Flipkart,2025-10-20,5,plain
170,Customer support solved my issue in minutes. Will buy again.,UrbanPack Laptop Backpack,Fashion,customer_service,positive,Flipkart,2025-10-20,5,plain
171,"Ordered the StrideRun Running Shoes today, let's see how it goes.",StrideRun Running Shoes,Fashion,value,neutral,Flipkart,2025-10-20,3,wait_and_see
172,tbh cooking performance is genuinely the best in this range. Arrived a day earlier than promised. 😊,CrispAir Air Fryer,Kitchen,performance,positive,Twitter,2025-10-20,5,plain
173,"Ordered the UrbanPack Laptop Backpack for my brother. Storage space is fine, neither great nor bad.",UrbanPack Laptop Backpack,Fashion,space,neutral,Flipkart,2025-10-21,3,plain
174,Using this StrideRun Running Shoes for a month now. Packaging was neat and secure. Priced about the same as other brands. Very happy with the purchase.,StrideRun Running Shoes,Fashion,packaging,positive,Flipkart,2025-10-21,3,plain
175,Really impressed with the battery backup. #loveit,BoomBox Speaker,Electronics,battery,positive,Twitter,2025-10-21,5,plain
176,Got this ErgoMax Office Chair during the sale. Pros: absolutely love the assembly. Cons: the back support is the worst I have seen. Mixed feelings. It's okay for the price.,ErgoMax Office Chair,Home & Furniture,assembly,positive,Flipkart,2025-10-21,2,noisy_label
177,@FlipkartSupport Order was stuck in transit for days. #fail 😤,Lumi LED Desk Lamp,Home & Furniture,delivery,negative,Twitter,2025-10-21,1,plain
178,No complaints at all about the battery life. Go for it.,AirBeat Earbuds,Electronics,battery,positive,Flipkart,2025-10-21,4,negation
179,Got this Lumi LED Desk Lamp during the sale. Really impressed with the dimmer control. Very happy with the purchase.,Lumi LED Desk Lamp,Home & Furniture,adjust,positive,Flipkart,2025-10-22,5,plain
180,@Flipkart The blending power is okay. Requested an exchange for a different size. #firstimpressions 🙂,BlendPro Blender,Kitchen,performance,neutral,Twitter,2025-10-22,4,plain
181,The motor noise is excellent. Return pickup is scheduled for tomorrow. Five stars from me.,BlendPro Blender,Kitchen,noise,positive,Flipkart,2025-10-22,5,plain
182,"Bought the UrbanPack Laptop Backpack last week. Sure, can't fault the stitching, however order was stuck in transit for days. Regret buying it.",UrbanPack Laptop Backpack,Fashion,delivery,negative,Flipkart,2025-10-22,2,mixed
183,@flipkart the delivery person never showed up. still waiting for my refund after three weeks. #refundplease #fail,BlendPro Blender,Kitchen,delivery,negative,Twitter,2025-10-22,1,plain
184,@FlipkartSupport Delivery took almost two weeks. Noise level is completely useless. #refundplease #disappointed 👎,CrispAir Air Fryer,Kitchen,delivery,negative,Twitter,2025-10-22,3,plain
185,Using this BoomBox Speaker for a month now. Replacement arrived within three days. Came in really sturdy packaging. Very happy with the purchase.,BoomBox Speaker,Electronics,returns,positive,Flipkart,2025-10-22,4,plain
186,Blending power is standard for this segment. Nothing more to add.,BlendPro Blender,Kitchen,performance,neutral,Flipkart,2025-10-23,3,plain
187,"@FlipkartSupport tbh box arrived crushed and the seal was broken, even though really impressed with the build quality. #fail #disappointed 😡",BoomBox Speaker,Electronics,packaging,negative,Twitter,2025-10-23,2,mixed
188,Upgraded to the UrbanPack Laptop Backpack recently. Shoulder padding is way better than I expected. Replacement arrived within three days.,UrbanPack Laptop Backpack,Fashion,comfort,positive,Flipkart,2025-10-23,5,plain
189,@flipkart ngl customer support solved my issue in minutes. #unboxing ❤️,Lumi LED Desk Lamp,Home & Furniture,customer_service,positive,Twitter,2025-10-23,5,plain
190,Got this BlendPro Blender during the sale. Delivery was neither fast nor slow. Three stars.,BlendPro Blender,Kitchen,delivery,neutral,Flipkart,2025-10-23,3,plain
191,Upgraded to the UrbanPack Laptop Backpack recently. Shoulder padding is superb for the price. Will buy again.,UrbanPack Laptop Backpack,Fashion,comfort,positive,Flipkart,2025-10-23,4,plain
192,Support team was helpful and quick. Arrived a day earlier than promised.,BlendPro Blender,Kitchen,customer_service,positive,Twitter,2025-10-23,5,plain
193,"Replacement arrived within three days. Yes, the parcel was delayed three times, but overall I am happy.",StrideRun Running Shoes,Fashion,returns,positive,Flipkart,2025-10-23,4,mixed
194,"Using this BoomBox Speaker for a month now. The pairing is terrible, but honestly battery backup is amazing and that matters more. Five stars from me.",BoomBox Speaker,Electronics,battery,positive,Flipkart,2025-10-23,4,mixed
195,Ordered the Nova 5G Smartphone for my brother. Order was stuck in transit for days.,Nova 5G Smartphone,Electronics,delivery,negative,Flipkart,2025-10-23,2,plain
196,Got this ProGlide Gaming Mouse during the sale. Sensor accuracy is solid and reliable. Go for it.,ProGlide Gaming Mouse,Electronics,performance,positive,Flipkart,2025-10-23,5,plain
197,Bought this BoomBox Speaker after reading the reviews. Replacement arrived within three days. Will buy again.,BoomBox Speaker,Electronics,returns,positive,Flipkart,2025-10-23,5,plain
198,The bass works perfectly. Very happy with the purchase.,BoomBox Speaker,Electronics,sound,positive,Flipkart,2025-10-23,5,plain
199,Bought the Lumi LED Desk Lamp last week. Thanks for the Lumi LED Desk Lamp that heats up like a stove. Really appreciate it.,Lumi LED Desk Lamp,Home & Furniture,delivery,negative,Flipkart,2025-10-23,1,sarcasm
200,"ugh, assembly is nowhere near what was promised. 🙄",ErgoMax Office Chair,Home & Furniture,assembly,negative,Twitter,2025-10-24,1,negation
201,The cooking performance works perfectly. Noise level is superb for the price. #loveit 😍,CrispAir Air Fryer,Kitchen,performance,positive,Twitter,2025-10-24,5,plain
202,Only downside: not worth the money at all. Otherwise replacement arrived within three days.,ErgoMax Office Chair,Home & Furniture,returns,positive,Twitter,2025-10-24,4,mixed
203,delivery was neither fast nor slow. #newpurchase #firstimpressions 🙂,Lumi LED Desk Lamp,Home & Furniture,delivery,neutral,Twitter,2025-10-24,3,plain
204,Second ErgoMax Office Chair I have bought from this seller. Return pickup is scheduled for tomorrow. The height adjustment is as described. Nothing more to add.,ErgoMax Office Chair,Home & Furniture,returns,neutral,Flipkart,2025-10-24,3,plain
205,Upgraded to the Lumi LED Desk Lamp recently. Great value for money.,Lumi LED Desk Lamp,Home & Furniture,value,positive,Flipkart,2025-10-24,5,plain
206,"got the powercore power bank as a gift, still setting it up. #unboxing 🤔",PowerCore Power Bank,Electronics,build,neutral,Twitter,2025-10-24,3,wait_and_see
207,"Sure, worth every penny, however raised a complaint 10 days ago and still no response. #disappointed",CrispAir Air Fryer,Kitchen,customer_service,negative,Twitter,2025-10-24,2,mixed
208,"using the blendpro blender for two days now, no strong opinion yet. #newpurchase 📦 https://t.co/piszsw9s8h",BlendPro Blender,Kitchen,cleaning,neutral,Twitter,2025-10-24,3,wait_and_see
209,Got this ErgoMax Office Chair during the sale. The height adjustment is excellent. Highly recommended!,ErgoMax Office Chair,Home & Furniture,adjust,positive,Flipkart,2025-10-24,5,plain
210,"Ordered the PowerCore Power Bank for my brother. Great value for money, although the capacity feels cheap and flimsy, so it balances out. Average product overall.",PowerCore Power Bank,Electronics,value,neutral,Flipkart,2025-10-24,2,mixed
211,Second AirBeat Earbuds I have bought from this seller. The fit in the ear never disappoints.,AirBeat Earbuds,Electronics,comfort,positive,Flipkart,2025-10-24,4,negation
212,@flipkart customer care keeps giving me copy-paste replies. #disappointed 🙄,BlendPro Blender,Kitchen,customer_service,negative,Twitter,2025-10-25,2,plain
213,Using this CrispAir Air Fryer for a month now. The noise level is brilliant. The cooking performance is excellent. Five stars from me.,CrispAir Air Fryer,Kitchen,noise,positive,Flipkart,2025-10-25,5,plain
214,Bought the UrbanPack Laptop Backpack last week. Only downside: packaging was torn and the item was scratched. Otherwise absolutely love the storage space. Highly recommended!,UrbanPack Laptop Backpack,Fashion,space,positive,Flipkart,2025-10-25,4,mixed
215,Can't recommend the battery life to anyone. Box arrived crushed and the seal was broken. #disappointed 🙄,Nova 5G Smartphone,Electronics,battery,negative,Twitter,2025-10-25,1,negation
216,@Flipkart The delivery person never showed up.,Nova 5G Smartphone,Electronics,delivery,negative,Twitter,2025-10-25,2,plain
217,The dimmer control is about what you would expect. Support said a technician will visit next week. Average product overall.,Lumi LED Desk Lamp,Home & Furniture,adjust,neutral,Flipkart,2025-10-25,3,plain
218,"@Flipkart ugh, the delivery person never showed up. #fail #worstservice 👎 https://t.co/biygy4eqae",UrbanPack Laptop Backpack,Fashion,delivery,negative,Twitter,2025-10-25,1,plain
219,Bought the UrbanPack Laptop Backpack last week. The shoulder padding never disappoints.,UrbanPack Laptop Backpack,Fashion,comfort,positive,Flipkart,2025-10-25,4,negation
220,Using this ErgoMax Office Chair for a month now. Only downside: customer care keeps giving me copy-paste replies. Otherwise return and refund were completely hassle-free.,ErgoMax Office Chair,Home & Furniture,returns,positive,Flipkart,2025-10-25,3,mixed
221,"seriously great, another CrispAir Air Fryer that died in a week. Exactly what I paid for.",CrispAir Air Fryer,Kitchen,noise,negative,Twitter,2025-10-25,1,sarcasm
222,Got this UrbanPack Laptop Backpack during the sale. The stitching is about what you would expect. It's okay for the price.,UrbanPack Laptop Backpack,Fashion,durability,neutral,Flipkart,2025-10-26,3,plain
223,Shoulder padding is way better than I expected. Worth every penny.,UrbanPack Laptop Backpack,Fashion,comfort,positive,Flipkart,2025-10-26,5,plain
224,Got this Lumi LED Desk Lamp during the sale. Return and refund were completely hassle-free. Build quality is decent for daily use.,Lumi LED Desk Lamp,Home & Furniture,returns,positive,Flipkart,2025-10-26,5,plain
225,Upgraded to the UrbanPack Laptop Backpack recently. The design is top notch. Five stars from me.,UrbanPack Laptop Backpack,Fashion,design,positive,Flipkart,2025-10-26,4,plain
226,"got the blendpro blender as a gift, still setting it up. #firstimpressions #shopping",BlendPro Blender,Kitchen,value,neutral,Twitter,2025-10-26,3,wait_and_see
227,@Flipkart Box arrived crushed and the seal was broken.,BlendPro Blender,Kitchen,packaging,negative,Twitter,2025-10-26,2,plain
228,"oh perfect, the cushioning broke on day two. just what i needed.",StrideRun Running Shoes,Fashion,delivery,negative,Twitter,2025-10-26,1,sarcasm
229,"Got this BlendPro Blender during the sale. Sure, got it at a fantastic price in the sale, however delivery was rescheduled again and again. Avoid this one.",BlendPro Blender,Kitchen,delivery,negative,Flipkart,2025-10-26,2,mixed
230,"Bought the PowerCore Power Bank last week. Support team was helpful and quick. Yes, it gets dangerously hot while charging, but overall I am happy. Five stars from me.",PowerCore Power Bank,Electronics,customer_service,positive,Flipkart,2025-10-27,4,mixed
231,delivery was rescheduled again and again.,CrispAir Air Fryer,Kitchen,delivery,negative,Twitter,2025-10-27,1,plain
232,@flipkartsupport box arrived crushed and the seal was broken. not worth the money at all.,UrbanPack Laptop Backpack,Fashion,packaging,negative,Twitter,2025-10-27,1,plain
233,honestly the fit in the ear is excellent. replacement arrived within three days. #unboxing 👍,AirBeat Earbuds,Electronics,comfort,positive,Twitter,2025-10-27,5,plain
234,"@FlipkartSupport ugh, the delivery person never showed up. Came in a plain brown box.",BoomBox Speaker,Electronics,delivery,negative,Twitter,2025-10-27,2,plain
235,Using this ProGlide Gaming Mouse for a month now. The grip is brilliant. Great value for money. Five stars from me.,ProGlide Gaming Mouse,Electronics,comfort,positive,Flipkart,2025-10-28,5,plain
236,Second BlendPro Blender I have bought from this seller. 10/10 would definitely enjoy waiting three weeks for a BlendPro Blender again.,BlendPro Blender,Kitchen,noise,negative,Flipkart,2025-10-28,1,sarcasm
237,"Got the UrbanPack Laptop Backpack as a gift, still setting it up. Let's see how it holds up.",UrbanPack Laptop Backpack,Fashion,comfort,neutral,Flipkart,2025-10-28,3,wait_and_see
238,Using this ErgoMax Office Chair for a month now. The back support is brilliant. Five stars from me.,ErgoMax Office Chair,Home & Furniture,comfort,positive,Flipkart,2025-10-28,4,plain
239,"Using this PowerCore Power Bank for a month now. Build quality is fine, neither great nor bad. Three stars.",PowerCore Power Bank,Electronics,build,neutral,Flipkart,2025-10-28,3,plain
240,shoulder padding is way better than i expected. packaging was neat and secure. 👍,UrbanPack Laptop Backpack,Fashion,comfort,positive,Twitter,2025-10-28,4,plain
241,Bought this StrideRun Running Shoes after reading the reviews. Order was stuck in transit for days. Do not buy.,StrideRun Running Shoes,Fashion,delivery,negative,Flipkart,2025-10-28,1,plain
242,@flipkart 10/10 would definitely enjoy waiting three weeks for a proglide gaming mouse again.,ProGlide Gaming Mouse,Electronics,build,negative,Twitter,2025-10-28,1,sarcasm
243,"@flipkart tbh great, another blendpro blender that died in a week. exactly what i paid for. #disappointed #worstservice",BlendPro Blender,Kitchen,customer_service,negative,Twitter,2025-10-29,1,sarcasm
244,really impressed with the sound quality.,AirBeat Earbuds,Electronics,sound,positive,Twitter,2025-10-29,4,plain
245,Using this StrideRun Running Shoes for a month now. Look is genuinely the best in this range.,StrideRun Running Shoes,Fashion,design,positive,Flipkart,2025-10-29,5,plain
246,Using this ProGlide Gaming Mouse for a month now. Delivery took almost two weeks. Return request rejected for no reason.,ProGlide Gaming Mouse,Electronics,delivery,negative,Flipkart,2025-10-29,2,plain
247,"@Flipkart Received the CrispAir Air Fryer yesterday, will update after a week of use. 🤔",CrispAir Air Fryer,Kitchen,build,neutral,Twitter,2025-10-29,2,wait_and_see
248,@flipkart tbh order was stuck in transit for days. priced about the same as other brands. #worstservice 👎 https://t.co/f896eqp035,PowerCore Power Bank,Electronics,delivery,neutral,Twitter,2025-10-29,1,noisy_label
249,@flipkart the parcel was delayed three times. #refundplease 🙄,StrideRun Running Shoes,Fashion,delivery,negative,Twitter,2025-10-29,1,plain
250,"The assembly is not just good, it is great. Five stars from me.",ErgoMax Office Chair,Home & Furniture,assembly,positive,Flipkart,2025-10-29,5,negation
251,Second Lumi LED Desk Lamp I have bought from this seller. Design is superb for the price. Highly recommended!,Lumi LED Desk Lamp,Home & Furniture,design,positive,Flipkart,2025-10-29,4,plain
252,"Using the AirBeat Earbuds for two days now, no strong opinion yet. Nothing more to add.",AirBeat Earbuds,Electronics,battery,neutral,Flipkart,2025-10-30,4,wait_and_see
253,Shoulder padding is nowhere near what was promised. The storage space is okay. Regret buying it.,UrbanPack Laptop Backpack,Fashion,comfort,negative,Flipkart,2025-10-30,1,negation
254,"@Flipkart Arrived a day earlier than promised, but the pairing feels cheap and flimsy. #refundplease 💔",BoomBox Speaker,Electronics,connectivity,negative,Twitter,2025-10-30,2,mixed
255,"fyi switched to the powercore power bank from my old one, still getting used to it. #unboxing",PowerCore Power Bank,Electronics,customer_service,neutral,Twitter,2025-10-30,4,wait_and_see
256,"jar quality is fine, neither great nor bad. the cleaning is okay. 🤔",BlendPro Blender,Kitchen,build,neutral,Twitter,2025-10-30,3,plain
257,The RGB software is the worst I have seen.,ProGlide Gaming Mouse,Electronics,software,negative,Twitter,2025-10-30,1,plain
258,"Got this Lumi LED Desk Lamp during the sale. Packaging was neat and secure, although return request rejected for no reason, so it balances out.",Lumi LED Desk Lamp,Home & Furniture,packaging,neutral,Flipkart,2025-10-30,2,mixed
259,@Flipkart tbh battery backup is completely useless. Not worth the money at all.,BoomBox Speaker,Electronics,battery,negative,Twitter,2025-10-30,1,plain
260,"Upgraded to the PowerCore Power Bank recently. The build quality is the worst I have seen, but honestly support team was helpful and quick and that matters more. Five stars from me.",PowerCore Power Bank,Electronics,customer_service,positive,Flipkart,2025-10-30,4,mixed
261,@flipkart replacement arrived within three days. #techreview ❤️,Lumi LED Desk Lamp,Home & Furniture,returns,positive,Twitter,2025-10-30,4,plain
262,Second BlendPro Blender I have bought from this seller. The blending power is awful. Very disappointed.,BlendPro Blender,Kitchen,performance,negative,Flipkart,2025-10-30,1,plain
263,Got this Lumi LED Desk Lamp during the sale. Design is a joke at this price.,Lumi LED Desk Lamp,Home & Furniture,design,negative,Flipkart,2025-10-31,2,plain
264,Really impressed with the sensor accuracy. Support team was helpful and quick. Go for it.,ProGlide Gaming Mouse,Electronics,performance,positive,Flipkart,2025-10-31,5,plain
265,Customer care keeps giving me copy-paste replies. The battery life is the worst I have seen. #worstservice #refundplease 😡,AirBeat Earbuds,Electronics,customer_service,negative,Twitter,2025-10-31,1,plain
266,Using this Lumi LED Desk Lamp for a month now. Packaging was torn and the item was scratched. Do not buy.,Lumi LED Desk Lamp,Home & Furniture,packaging,negative,Flipkart,2025-10-31,2,plain
267,"@FlipkartSupport Sure, worth every penny, however order was stuck in transit for days.",ProGlide Gaming Mouse,Electronics,delivery,negative,Twitter,2025-10-31,3,mixed
268,@Flipkart Audio is muffled and tinny. #worstservice #disappointed,AirBeat Earbuds,Electronics,sound,negative,Twitter,2025-10-31,2,plain
269,ngl only downside: the bass is the worst i have seen. otherwise got it at a fantastic price in the sale. https://t.co/tzci0xew9u,BoomBox Speaker,Electronics,value,positive,Twitter,2025-11-01,4,mixed
270,The delivery guy was very polite and on time. The build quality is top notch. Highly recommended!,BoomBox Speaker,Electronics,delivery,positive,Flipkart,2025-11-01,4,plain
271,"Delivery was super quick. Yes, support chat closed my ticket without fixing anything, but overall I am happy.",ProGlide Gaming Mouse,Electronics,delivery,positive,Flipkart,2025-11-01,4,mixed
272,Second AirBeat Earbuds I have bought from this seller. Absolutely love the fit in the ear.,AirBeat Earbuds,Electronics,comfort,positive,Flipkart,2025-11-01,4,plain
273,@flipkart the parcel was delayed three times.,ProGlide Gaming Mouse,Electronics,delivery,negative,Twitter,2025-11-01,1,plain
274,"@flipkartsupport ugh, delivery was rescheduled again and again. #refundplease #worstservice 💔",BlendPro Blender,Kitchen,delivery,negative,Twitter,2025-11-01,2,plain
275,Upgraded to the ErgoMax Office Chair recently. Build quality is a joke at this price. Do not buy.,ErgoMax Office Chair,Home & Furniture,build,negative,Flipkart,2025-11-01,1,plain
276,@FlipkartSupport seriously the motor noise stopped working within a week. The blending power is awful. 💔,BlendPro Blender,Kitchen,noise,negative,Twitter,2025-11-01,1,plain
277,Using this BoomBox Speaker for a month now. Pairing is decent for daily use. Three stars.,BoomBox Speaker,Electronics,connectivity,neutral,Flipkart,2025-11-01,2,plain
278,Support team was helpful and quick.,PowerCore Power Bank,Electronics,customer_service,neutral,Flipkart,2025-11-02,5,noisy_label
279,"Got this BlendPro Blender during the sale. Blending power is a joke at this price, but honestly customer support solved my issue in minutes and that matters more. Very happy with the purchase.",BlendPro Blender,Kitchen,customer_service,positive,Flipkart,2025-11-02,4,mixed
280,Second StrideRun Running Shoes I have bought from this seller. Only downside: not worth the money at all. Otherwise return and refund were completely hassle-free.,StrideRun Running Shoes,Fashion,returns,positive,Flipkart,2025-11-02,4,mixed
281,Using this PowerCore Power Bank for a month now. Delivered on the expected date.,PowerCore Power Bank,Electronics,delivery,neutral,Flipkart,2025-11-02,4,plain
282,"Received the ErgoMax Office Chair yesterday, will update after a week of use. Average product overall.",ErgoMax Office Chair,Home & Furniture,adjust,neutral,Flipkart,2025-11-02,4,wait_and_see
283,"@flipkart got the ergomax office chair as a gift, still setting it up. #unboxing #newpurchase 📦",ErgoMax Office Chair,Home & Furniture,returns,neutral,Twitter,2025-11-03,3,wait_and_see
284,"Received the CrispAir Air Fryer yesterday, will update after a week of use. Nothing more to add.",CrispAir Air Fryer,Kitchen,performance,neutral,Flipkart,2025-11-03,4,wait_and_see
285,Bought this BlendPro Blender after reading the reviews. Replacement arrived within three days. The blending power works perfectly. Will buy again.,BlendPro Blender,Kitchen,returns,positive,Flipkart,2025-11-03,4,plain
286,"Really disappointed with the cooking performance. Non-stick basket is average, nothing special. Do not buy.",CrispAir Air Fryer,Kitchen,performance,negative,Flipkart,2025-11-03,2,plain
287,Build quality is standard for this segment. Delivered on the expected date. #unboxing 📦,Nova 5G Smartphone,Electronics,build,neutral,Twitter,2025-11-03,4,plain
288,Not worth the money at all. Delivery was rescheduled again and again. #scam 😡,BoomBox Speaker,Electronics,value,negative,Twitter,2025-11-03,1,plain
289,"@FlipkartSupport Delivery took almost two weeks, even though battery easily lasts two days. #scam 💔",Nova 5G Smartphone,Electronics,delivery,negative,Twitter,2025-11-03,2,mixed
290,"Using this StrideRun Running Shoes for a month now. The look is top notch. Yes, box arrived crushed and the seal was broken, but overall I am happy. Go for it.",StrideRun Running Shoes,Fashion,design,positive,Flipkart,2025-11-03,4,mixed
291,tbh fit in the ear is way better than i expected. #happycustomer 😍,AirBeat Earbuds,Electronics,comfort,positive,Twitter,2025-11-03,5,plain
292,Upgraded to the UrbanPack Laptop Backpack recently. The shoulder padding is as described. Return pickup is scheduled for tomorrow.,UrbanPack Laptop Backpack,Fashion,comfort,neutral,Flipkart,2025-11-03,4,plain
293,"Fantastic, ordered a Lumi LED Desk Lamp and received an empty box. Amazing service. #refundplease #worstservice 👎",Lumi LED Desk Lamp,Home & Furniture,delivery,negative,Twitter,2025-11-03,1,sarcasm
294,Got this ErgoMax Office Chair during the sale. Delivery took almost two weeks. Avoid this one.,ErgoMax Office Chair,Home & Furniture,delivery,negative,Flipkart,2025-11-03,2,plain
295,Upgraded to the Nova 5G Smartphone recently. The delivery person never showed up.,Nova 5G Smartphone,Electronics,delivery,negative,Flipkart,2025-11-03,1,plain
296,"fyi can't fault the dimmer control, although box arrived crushed and the seal was broken, so it balances out. 📦",Lumi LED Desk Lamp,Home & Furniture,adjust,neutral,Twitter,2025-11-03,2,mixed
297,Upgraded to the PowerCore Power Bank recently. Charging speed is completely useless. Capacity is far worse than advertised.,PowerCore Power Bank,Electronics,charging,negative,Flipkart,2025-11-03,1,plain
298,"Got this BlendPro Blender during the sale. Sure, replacement arrived within three days, however box arrived crushed and the seal was broken. Regret buying it.",BlendPro Blender,Kitchen,packaging,negative,Flipkart,2025-11-03,2,mixed
299,Ordered the Lumi LED Desk Lamp for my brother. Packaging was torn and the item was scratched. The brightness feels cheap and flimsy. Do not buy.,Lumi LED Desk Lamp,Home & Furniture,packaging,negative,Flipkart,2025-11-04,2,plain
300,Upgraded to the ProGlide Gaming Mouse recently. The RGB software is excellent. Will buy again.,ProGlide Gaming Mouse,Electronics,software,positive,Flipkart,2025-11-04,4,plain
301,Using this Nova 5G Smartphone for a month now. Delivery was rescheduled again and again. Support said a technician will visit next week.,Nova 5G Smartphone,Electronics,delivery,negative,Flipkart,2025-11-04,1,plain
302,so pros: the charging speed is top notch. cons: total waste of money. mixed feelings. #firstimpressions #unboxing,PowerCore Power Bank,Electronics,charging,neutral,Twitter,2025-11-04,2,mixed
303,"Got this ProGlide Gaming Mouse during the sale. The parcel was delayed three times, even though realy impressed with the RGB software. Very disappointed.",ProGlide Gaming Mouse,Electronics,delivery,negative,Flipkart,2025-11-04,3,mixed
304,@flipkartsupport delivery took almost two weeks. #disappointed #worstservice,BlendPro Blender,Kitchen,delivery,negative,Twitter,2025-11-04,1,plain
305,Ordered the ProGlide Gaming Mouse for my brother. Worth every penny. Highly recommended!,ProGlide Gaming Mouse,Electronics,value,positive,Flipkart,2025-11-05,4,plain
306,Delivered on the expected date. Nothing more to add.,PowerCore Power Bank,Electronics,delivery,neutral,Flipkart,2025-11-05,3,plain
307,Bought the UrbanPack Laptop Backpack last week. Delivery was rescheduled again and again. Came in a plain brown box. Very disappointed.,UrbanPack Laptop Backpack,Fashion,delivery,negative,Flipkart,2025-11-05,2,plain
308,The grip is brilliant.,ProGlide Gaming Mouse,Electronics,comfort,positive,Flipkart,2025-11-05,3,plain
309,Bluetooth connection is far worse than advertised. 👎,AirBeat Earbuds,Electronics,connectivity,negative,Twitter,2025-11-05,2,plain
310,"@flipkart sure, heat management is superb for the price, however support chat closed my ticket without fixing anything. #fail",PowerCore Power Bank,Electronics,customer_service,negative,Twitter,2025-11-05,3,mixed
311,The design does the job. Storage space is decent for daily use.,UrbanPack Laptop Backpack,Fashion,design,neutral,Flipkart,2025-11-05,4,plain
312,"@FlipkartSupport Really disappointed with the fit in the ear, even though came in really sturdy packaging. #scam #disappointed 👎",AirBeat Earbuds,Electronics,comfort,negative,Twitter,2025-11-05,3,mixed
313,"so far so good, packaging was neat and secure. Yes, seriously overpriced for what you get, but overall I am happy. #loveit",AirBeat Earbuds,Electronics,packaging,positive,Twitter,2025-11-05,3,mixed
314,tbh arrived a day earlier than promised. Support said a technician will visit next week. 😊,AirBeat Earbuds,Electronics,delivery,positive,Twitter,2025-11-05,4,plain
315,"The fit in the ear works perfectly. Delivered on time, no fuss.",AirBeat Earbuds,Electronics,comfort,positive,Twitter,2025-11-05,5,plain
316,"The back support is not bad at all, actually very good. https://t.co/mcuva57vhs",ErgoMax Office Chair,Home & Furniture,comfort,positive,Twitter,2025-11-05,5,negation
317,Ordered the StrideRun Running Shoes for my brother. Cushioning is genuinely the best in this range. Support team was helpful and quick. Very happy with the purchase.,StrideRun Running Shoes,Fashion,comfort,positive,Flipkart,2025-11-05,4,plain
318,@flipkart tbh return and refund were completely hassle-free. #techreview,UrbanPack Laptop Backpack,Fashion,returns,positive,Twitter,2025-11-05,5,plain
319,@Flipkart seriously raised a complaint 10 days ago and still no response. Still waiting for my refund after three weeks. 😡,PowerCore Power Bank,Electronics,customer_service,negative,Twitter,2025-11-05,1,plain
320,"unbelievable, customer care keeps giving me copy-paste replies, even though great value for money.",ProGlide Gaming Mouse,Electronics,customer_service,negative,Twitter,2025-11-06,2,mixed
321,Bought this PowerCore Power Bank after reading the reviews. Got it at a fantastic price in the sale.,PowerCore Power Bank,Electronics,value,positive,Flipkart,2025-11-06,5,plain
322,Bought this CrispAir Air Fryer after reading the reviews. Support team was helpful and quick. Cooking performance is superb for the price.,CrispAir Air Fryer,Kitchen,customer_service,positive,Flipkart,2025-11-06,5,plain
323,Second PowerCore Power Bank I have bought from this seller. Build quality is solid and reliable. Great value for money.,PowerCore Power Bank,Electronics,build,positive,Flipkart,2025-11-06,5,plain
324,@FlipkartSupport Delivery was rescheduled again and again. 💔,ProGlide Gaming Mouse,Electronics,delivery,negative,Twitter,2025-11-06,2,plain
325,Fit in the ear is genuinely the best in this range. #happycustomer #recommended 👍,AirBeat Earbuds,Electronics,comfort,positive,Twitter,2025-11-06,5,plain
326,"Packaging was neat and secure, although delivery was rescheduled again and again, so it balances out. Three stars.",ProGlide Gaming Mouse,Electronics,packaging,neutral,Flipkart,2025-11-06,2,mixed
327,Using this StrideRun Running Shoes for a month now. Priced about the same as other brands. The cushioning does the job.,StrideRun Running Shoes,Fashion,value,neutral,Flipkart,2025-11-06,3,plain
328,@Flipkart Delivery took almost two weeks. #disappointed #worstservice,BlendPro Blender,Kitchen,delivery,negative,Twitter,2025-11-06,2,plain
329,only downside: delivery took almost two weeks. otherwise the camera is excellent. #loveit 😊 https://t.co/ppepbivzwg,Nova 5G Smartphone,Electronics,camera,positive,Twitter,2025-11-06,4,mixed
330,Back support is genuinely the best in this range. Height adjustment is genuinely the best in this range. Five stars from me.,ErgoMax Office Chair,Home & Furniture,comfort,positive,Flipkart,2025-11-07,4,plain
331,"Ordered the PowerCore Power Bank today, let's see how it goes. Let's see how it holds up.",PowerCore Power Bank,Electronics,heat,neutral,Flipkart,2025-11-07,3,wait_and_see
332,"Bought the BoomBox Speaker last week. Sure, really impressed with the build quality, however audio is muffled and tinny. Returning it.",BoomBox Speaker,Electronics,sound,negative,Flipkart,2025-11-07,2,mixed
333,@Flipkart Delivery was rescheduled again and again. #worstservice,Nova 5G Smartphone,Electronics,delivery,negative,Twitter,2025-11-07,1,plain
334,seriously the delivery person never showed up. Customer care keeps giving me copy-paste replies. 💔,BlendPro Blender,Kitchen,delivery,negative,Twitter,2025-11-07,2,plain
335,"Using this StrideRun Running Shoes for a month now. Return and refund were completely hassle-free. Yes, box arrived crushed and the seal was broken, but overall I am happy. Five stars from me.",StrideRun Running Shoes,Fashion,returns,positive,Flipkart,2025-11-07,3,mixed
336,"Upgraded to the BlendPro Blender recently. Really impressed with the cleaning, although jar quality is a joke at this price, so it balances out.",BlendPro Blender,Kitchen,cleaning,neutral,Flipkart,2025-11-07,2,mixed
337,Ordered the UrbanPack Laptop Backpack for my brother. The delivery person never showed up. Priced about the same as other brands. Do not buy.,UrbanPack Laptop Backpack,Fashion,delivery,negative,Flipkart,2025-11-07,2,plain
338,The battery life is top notch.,Nova 5G Smartphone,Electronics,battery,positive,Twitter,2025-11-07,5,plain
339,"Delivery was neither fast nor slow. Cleaning is fine, neither great nor bad. Let's see how it holds up.",BlendPro Blender,Kitchen,delivery,neutral,Flipkart,2025-11-07,2,plain
340,The stitching does the job. The design is as described. Let's see how it holds up.,UrbanPack Laptop Backpack,Fashion,durability,neutral,Flipkart,2025-11-07,3,plain
341,Second CrispAir Air Fryer I have bought from this seller. Cooking performance is solid and reliable. Highly recommended!,CrispAir Air Fryer,Kitchen,performance,positive,Flipkart,2025-11-08,5,plain
342,Got this BlendPro Blender during the sale. Came in really sturdy packaging. Can't fault the blending power. Go for it.,BlendPro Blender,Kitchen,packaging,positive,Flipkart,2025-11-08,4,negation
343,Upgraded to the BlendPro Blender recently. The jar quality feels cheap and flimsy. Delivered on the expected date. Very disappointed.,BlendPro Blender,Kitchen,build,negative,Flipkart,2025-11-08,3,plain
344,"Ordered the ErgoMax Office Chair for my brother. The delivery person never showed up, even though no complaints at all about the height adjustment.",ErgoMax Office Chair,Home & Furniture,delivery,negative,Flipkart,2025-11-08,2,mixed
345,"Total waste of money, but honestly heat management is way better than I expected and that matters more. Will buy again.",PowerCore Power Bank,Electronics,heat,positive,Flipkart,2025-11-08,3,mixed
346,Delivery took almost two weeks. Returning it.,ProGlide Gaming Mouse,Electronics,delivery,negative,Flipkart,2025-11-08,1,plain
347,Bought this BlendPro Blender after reading the reviews. Came in really sturdy packaging. Five stars from me.,BlendPro Blender,Kitchen,packaging,positive,Flipkart,2025-11-08,5,plain
348,"Upgraded to the ProGlide Gaming Mouse recently. The click feel works perfectly. Sensor accuracy is average, nothing special. Very happy with the purchase.",ProGlide Gaming Mouse,Electronics,build,positive,Flipkart,2025-11-08,5,plain
349,The parcel was delayed three times. #worstservice #disappointed 🙄,Lumi LED Desk Lamp,Home & Furniture,delivery,negative,Twitter,2025-11-08,3,plain
350,"Got this CrispAir Air Fryer during the sale. Total waste of money, but honestly really impressed with the noise level and that matters more.",CrispAir Air Fryer,Kitchen,noise,positive,Flipkart,2025-11-09,3,mixed
351,Bought this PowerCore Power Bank after reading the reviews. Only downside: box arrived crushed and the seal was broken. Otherwise can't fault the heat management. Very happy with the purchase.,PowerCore Power Bank,Electronics,heat,positive,Flipkart,2025-11-09,3,mixed
352,Using this ErgoMax Office Chair for a month now. The height adjustment has been flawless so far. Return and refund were completely hassle-free. Go for it.,ErgoMax Office Chair,Home & Furniture,adjust,positive,Flipkart,2025-11-09,4,plain
353,"Second PowerCore Power Bank I have bought from this seller. Fantastic, ordered a PowerCore Power Bank and received an empty box. Amazing service.",PowerCore Power Bank,Electronics,value,negative,Flipkart,2025-11-10,1,sarcasm
354,"@FlipkartSupport No complaints at all about the assembly, but delivery took almost two weeks.",ErgoMax Office Chair,Home & Furniture,delivery,negative,Twitter,2025-11-10,2,mixed
355,"Ordered the StrideRun Running Shoes for my brother. Delivery was super quick. The look is not just good, it is great. Will buy again.",StrideRun Running Shoes,Fashion,delivery,positive,Flipkart,2025-11-10,4,negation
356,"Switched to the AirBeat Earbuds from my old one, still getting used to it. It's okay for the price.",AirBeat Earbuds,Electronics,battery,neutral,Flipkart,2025-11-10,3,wait_and_see
357,Upgraded to the BlendPro Blender recently. Order was stuck in transit for days. Returning it.,BlendPro Blender,Kitchen,delivery,negative,Flipkart,2025-11-10,1,plain
358,@Flipkart The storage space is top notch.,UrbanPack Laptop Backpack,Fashion,space,positive,Twitter,2025-11-10,5,plain
359,Bought the ProGlide Gaming Mouse last week. Pros: return and refund were completely hassle-free. Cons: really disappointed with the click feel. Mixed feelings. Let's see how it holds up.,ProGlide Gaming Mouse,Electronics,returns,neutral,Flipkart,2025-11-10,3,mixed
360,Using this CrispAir Air Fryer for a month now. The build quality works perfectly. Came in really sturdy packaging.,CrispAir Air Fryer,Kitchen,build,positive,Flipkart,2025-11-10,5,plain
361,"Upgraded to the ProGlide Gaming Mouse recently. Absolutely love the grip. Yes, the click feel is not even close to good, but overall I am happy. Very happy with the purchase.",ProGlide Gaming Mouse,Electronics,comfort,positive,Flipkart,2025-11-10,4,mixed
362,"Got the ProGlide Gaming Mouse as a gift, still setting it up. Average product overall.",ProGlide Gaming Mouse,Electronics,performance,neutral,Flipkart,2025-11-11,3,wait_and_see
363,"Received the ProGlide Gaming Mouse yesterday, will update after a week of use.",ProGlide Gaming Mouse,Electronics,returns,neutral,Flipkart,2025-11-11,3,wait_and_see
364,"Received the Nova 5G Smartphone yesterday, will update after a week of use. It's okay for the price.",Nova 5G Smartphone,Electronics,camera,neutral,Flipkart,2025-11-11,3,wait_and_see
365,@Flipkart The delivery person never showed up. 💔,BoomBox Speaker,Electronics,delivery,negative,Twitter,2025-11-11,2,plain
366,@flipkartsupport seriously delivery took almost two weeks. total waste of money. 🙄 https://t.co/zfsuncqx2c,Nova 5G Smartphone,Electronics,delivery,negative,Twitter,2025-11-11,2,plain
367,Sole durability is superb for the price. #techreview 🔥,StrideRun Running Shoes,Fashion,durability,positive,Twitter,2025-11-11,4,plain
368,Customer support solved my issue in minutes. #happycustomer ❤️,ProGlide Gaming Mouse,Electronics,customer_service,positive,Twitter,2025-11-11,4,plain
369,"Got this CrispAir Air Fryer during the sale. Support team was helpful and quick. Yes, still waiting for my refund after three weeks, but overall I am happy.",CrispAir Air Fryer,Kitchen,customer_service,positive,Flipkart,2025-11-11,4,mixed
370,Bought the ProGlide Gaming Mouse last week. The RGB software feels cheap and flimsy.,ProGlide Gaming Mouse,Electronics,software,negative,Flipkart,2025-11-11,2,plain
371,Bought the Lumi LED Desk Lamp last week. The build quality is not good at all. Very disappointed.,Lumi LED Desk Lamp,Home & Furniture,build,negative,Flipkart,2025-11-12,1,negation
372,"Received the Lumi LED Desk Lamp yesterday, will update after a week of use.",Lumi LED Desk Lamp,Home & Furniture,value,neutral,Flipkart,2025-11-12,3,wait_and_see
373,Ordered the ProGlide Gaming Mouse for my brother. The delivery person never showed up. Avoid this one.,ProGlide Gaming Mouse,Electronics,delivery,negative,Flipkart,2025-11-12,1,plain
374,"so far so good, no complaints at all about the size and fit. #happycustomer #loveit 😍",StrideRun Running Shoes,Fashion,fit,positive,Twitter,2025-11-12,4,negation
375,"Using this BlendPro Blender for a month now. The jar quality is not even close to good, but honestly the blending power is excellent and that matters more. Highly recommended!",BlendPro Blender,Kitchen,performance,positive,Flipkart,2025-11-12,4,mixed
376,Delivery was rescheduled again and again. Customer care keeps giving me copy-paste replies. #refundplease 👎,UrbanPack Laptop Backpack,Fashion,delivery,negative,Twitter,2025-11-12,1,plain
377,Raised a complaint 10 days ago and still no response. Regret buying it.,StrideRun Running Shoes,Fashion,customer_service,negative,Flipkart,2025-11-13,1,plain
378,"Upgraded to the BlendPro Blender recently. Delivered on time, no fuss, but box arrived crushed and the seal was broken. Regret buying it.",BlendPro Blender,Kitchen,packaging,negative,Flipkart,2025-11-13,2,mixed
379,"Second CrispAir Air Fryer I have bought from this seller. The non-stick basket is as described. Contacted support to check the warranty, they explained the process.",CrispAir Air Fryer,Kitchen,cleaning,neutral,Flipkart,2025-11-13,3,plain
380,honestly rGB software is genuinely the best in this range. ❤️,ProGlide Gaming Mouse,Electronics,software,positive,Twitter,2025-11-13,5,plain
381,honestly the cooking performance is top notch.,CrispAir Air Fryer,Kitchen,performance,positive,Twitter,2025-11-13,5,plain
382,capacity is solid and reliable. the build quality is okay.,PowerCore Power Bank,Electronics,battery,positive,Twitter,2025-11-13,5,plain
383,raised a complaint 10 days ago and still no response. pairing is completely useless. #disappointed,BoomBox Speaker,Electronics,customer_service,negative,Twitter,2025-11-13,1,plain
384,Upgraded to the BoomBox Speaker recently. Build quality is decent for daily use. Packaging was basic. Three stars.,BoomBox Speaker,Electronics,build,neutral,Flipkart,2025-11-13,2,plain
385,Build quality is solid and reliable. Will buy again.,BoomBox Speaker,Electronics,build,positive,Flipkart,2025-11-14,5,plain
386,The noise level has been flawless so far. Highly recommended!,CrispAir Air Fryer,Kitchen,noise,positive,Flipkart,2025-11-14,5,plain
387,Return request rejected for no reason. #scam https://t.co/g0gy0g2e6s,Lumi LED Desk Lamp,Home & Furniture,returns,negative,Twitter,2025-11-14,1,plain
388,Using this ProGlide Gaming Mouse for a month now. Absolutely love the grip.,ProGlide Gaming Mouse,Electronics,comfort,positive,Flipkart,2025-11-14,5,plain
389,@FlipkartSupport The delivery person never showed up. #scam 😤,Nova 5G Smartphone,Electronics,delivery,negative,Twitter,2025-11-14,3,plain
390,"ugh, delivery was rescheduled again and again. #fail #scam",PowerCore Power Bank,Electronics,delivery,negative,Twitter,2025-11-14,3,plain
391,"Ordered the PowerCore Power Bank for my brother. Delivered on time, no fuss.",PowerCore Power Bank,Electronics,delivery,positive,Flipkart,2025-11-14,4,plain
392,Using this CrispAir Air Fryer for a month now. The cooking performance is brilliant. Worth every penny. Highly recommended!,CrispAir Air Fryer,Kitchen,performance,positive,Flipkart,2025-11-14,4,plain
393,"The storage space never disappoints. Contacted support to check the warranty, they explained the process. #techreview",UrbanPack Laptop Backpack,Fashion,space,positive,Twitter,2025-11-15,5,negation
394,"Second StrideRun Running Shoes I have bought from this seller. Size runs very small, had to return. Do not buy.",StrideRun Running Shoes,Fashion,fit,negative,Flipkart,2025-11-16,1,plain
395,Using this PowerCore Power Bank for a month now. Replacement arrived within three days.,PowerCore Power Bank,Electronics,returns,positive,Flipkart,2025-11-16,5,plain
396,Using this BoomBox Speaker for a month now. Battery backup is a joke at this price. Box arrived crushed and the seal was broken.,BoomBox Speaker,Electronics,battery,negative,Flipkart,2025-11-16,3,plain
397,The jar quality is awful. Blending power is standard for this segment.,BlendPro Blender,Kitchen,build,negative,Flipkart,2025-11-16,2,plain
398,Second AirBeat Earbuds I have bought from this seller. The fit in the ear is awful.,AirBeat Earbuds,Electronics,comfort,negative,Flipkart,2025-11-16,2,plain
399,Got this AirBeat Earbuds during the sale. The Bluetooth connection is the worst I have seen. Packaging was torn and the item was scratched. Returning it.,AirBeat Earbuds,Electronics,connectivity,negative,Flipkart,2025-11-16,1,plain
400,@flipkartsupport 10/10 would definitely enjoy waiting three weeks for a ergomax office chair again. #disappointed #scam https://t.co/z29nfq0gzc,ErgoMax Office Chair,Home & Furniture,returns,negative,Twitter,2025-11-16,1,sarcasm
401,Only downside: order was stuck in transit for days. Otherwise came in really sturdy packaging. #happycustomer 😍,StrideRun Running Shoes,Fashion,packaging,positive,Twitter,2025-11-17,4,mixed
402,Really impressed with the heat management. Replacement arrived within three days. 😍,PowerCore Power Bank,Electronics,heat,positive,Twitter,2025-11-17,5,plain
403,Upgraded to the PowerCore Power Bank recently. Packaging was neat and secure.,PowerCore Power Bank,Electronics,packaging,positive,Flipkart,2025-11-17,4,plain
404,@FlipkartSupport Order was stuck in transit for days. #refundplease 👎,CrispAir Air Fryer,Kitchen,delivery,negative,Twitter,2025-11-17,1,plain
405,Upgraded to the UrbanPack Laptop Backpack recently. Support team was helpful and quick. Will buy again.,UrbanPack Laptop Backpack,Fashion,customer_service,positive,Flipkart,2025-11-17,4,plain
406,@flipkartsupport brightness is solid and reliable. support team was helpful and quick. #recommended https://t.co/49w5he48g7,Lumi LED Desk Lamp,Home & Furniture,brightness,positive,Twitter,2025-11-17,5,plain
407,Got this CrispAir Air Fryer during the sale. Delivery was super quick. The noise level is as described. Very happy with the purchase.,CrispAir Air Fryer,Kitchen,delivery,positive,Flipkart,2025-11-17,5,plain
408,@Flipkart The deliveryyy person never showed up. #worstservice,BoomBox Speaker,Electronics,delivery,negative,Twitter,2025-11-17,2,plain
409,Upgraded to the UrbanPack Laptop Backpack recently. No complaints at all about the storage space. Priced about the same as other brands.,UrbanPack Laptop Backpack,Fashion,space,positive,Flipkart,2025-11-17,5,negation
410,"Ordered the UrbanPack Laptop Backpack for my brother. Shoulder padding is fine, neither great nor bad. It's okay for the price.",UrbanPack Laptop Backpack,Fashion,comfort,neutral,Flipkart,2025-11-17,3,plain
411,Delivery was rescheduled again and again. Packaging was basic. Avoid this one.,UrbanPack Laptop Backpack,Fashion,delivery,negative,Flipkart,2025-11-17,3,plain
412,Raised a complaint 10 days ago and still no response. #fail 😤,ErgoMax Office Chair,Home & Furniture,customer_service,negative,Twitter,2025-11-18,1,plain
413,The capacity is not worth the money. Return request rejected for no reason. Very disappointed.,PowerCore Power Bank,Electronics,battery,negative,Flipkart,2025-11-18,1,negation
414,Bought the UrbanPack Laptop Backpack last week. The stitching works perfectly. Packaging was basic.,UrbanPack Laptop Backpack,Fashion,durability,positive,Flipkart,2025-11-18,4,plain
415,"Pros: the performance is not bad at all, actually very good. Cons: box arrived crushed and the seal was broken. Mixed feelings. Let's see how it holds up.",Nova 5G Smartphone,Electronics,performance,neutral,Flipkart,2025-11-18,2,mixed
416,Upgraded to the BlendPro Blender recently. Absolutely love the jar quality.,BlendPro Blender,Kitchen,build,positive,Flipkart,2025-11-18,5,plain
417,Upgraded to the Lumi LED Desk Lamp recently. Support team was helpful and quick.,Lumi LED Desk Lamp,Home & Furniture,customer_service,positive,Flipkart,2025-11-18,4,plain
418,Customer support solved my issue in minutes. The height adjustment works perfectly. #recommended,ErgoMax Office Chair,Home & Furniture,customer_service,positive,Twitter,2025-11-18,4,plain
419,The design stopped working within a week. Support chat closed my ticket without fixing anything. #worstservice 🙄,Lumi LED Desk Lamp,Home & Furniture,design,negative,Twitter,2025-11-19,2,plain
420,"Bought the PowerCore Power Bank last week. Charging speed is far worse than advertised, but honestly build quality is genuinely the best in this range and that matters more. Five stars from me.",PowerCore Power Bank,Electronics,build,positive,Flipkart,2025-11-19,4,mixed
421,Delivery took the usual four to five days. #unboxing,AirBeat Earbuds,Electronics,delivery,neutral,Twitter,2025-11-19,3,plain
422,"update: using the StrideRun Running Shoes for two days now, no strong opinion yet. 🤔",StrideRun Running Shoes,Fashion,comfort,neutral,Twitter,2025-11-20,3,wait_and_see
423,Box arrived crushed and the seal was broken. Returning it.,AirBeat Earbuds,Electronics,packaging,negative,Flipkart,2025-11-20,1,plain
424,Ordered the ErgoMax Office Chair for my brother. Delivery took almost two weeks. Returning it.,ErgoMax Office Chair,Home & Furniture,delivery,negative,Flipkart,2025-11-20,1,plain
425,"came in really sturdy packaging. delivered on time, no fuss. ❤️",BoomBox Speaker,Electronics,packaging,positive,Twitter,2025-11-20,5,plain
426,"@Flipkart seriously sure, the build quality is not just good, it is great, however the capacity is not worth the money. #worstservice 👎",PowerCore Power Bank,Electronics,battery,negative,Twitter,2025-11-20,2,mixed
427,Ordered the BlendPro Blender for my brother. The jar quality is about what you would expect. Priced about the same as other brands. Average product overall.,BlendPro Blender,Kitchen,build,neutral,Flipkart,2025-11-20,3,plain
428,tbh order was stuck in transit for days. came in a plain brown box. #worstservice 🙄,StrideRun Running Shoes,Fashion,delivery,negative,Twitter,2025-11-20,2,plain
429,"The grip has been flawless so far. Yes, seriously overpriced for what you get, but overall I am happy. Highly recommended!",ProGlide Gaming Mouse,Electronics,comfort,positive,Flipkart,2025-11-21,3,mixed
430,Bought this Lumi LED Desk Lamp after reading the reviews. Build quality is decent for daily use.,Lumi LED Desk Lamp,Home & Furniture,build,neutral,Flipkart,2025-11-21,3,plain
431,Pros: the jar quality is top notch. Cons: really disappointed with the blending power. Mixed feelings.,BlendPro Blender,Kitchen,build,neutral,Flipkart,2025-11-21,2,mixed
432,Got this Nova 5G Smartphone during the sale. The battery life doesn't work properly. Raised a complaint 10 days ago and still no response.,Nova 5G Smartphone,Electronics,battery,negative,Flipkart,2025-11-21,1,negation
433,Ordered the StrideRun Running Shoes for my brother. The look has been flawless so far. Highly recommended!,StrideRun Running Shoes,Fashion,design,positive,Flipkart,2025-11-21,5,plain
434,"Using the UrbanPack Laptop Backpack for two days now, no strong opinion yet.",UrbanPack Laptop Backpack,Fashion,space,neutral,Flipkart,2025-11-21,3,wait_and_see
435,The delivery guy was very polite and on time. Go for it.,CrispAir Air Fryer,Kitchen,delivery,positive,Flipkart,2025-11-21,5,plain
436,Order was stuck in transit for days. Regret buying it.,ProGlide Gaming Mouse,Electronics,delivery,negative,Flipkart,2025-11-22,2,plain
437,Second CrispAir Air Fryer I have bought from this seller. Can't fault the non-stick basket.,CrispAir Air Fryer,Kitchen,cleaning,positive,Flipkart,2025-11-22,5,negation
438,Ordered the Nova 5G Smartphone for my brother. Really impressed with the performance. Delivery was super quick.,Nova 5G Smartphone,Electronics,performance,positive,Flipkart,2025-11-22,5,plain
439,The sensor accuracy is as described. Nothing more to add.,ProGlide Gaming Mouse,Electronics,performance,neutral,Flipkart,2025-11-22,4,plain
440,@Flipkart Support chat closed my ticket without fixing anything. #worstservice #fail 😤,Lumi LED Desk Lamp,Home & Furniture,customer_service,negative,Twitter,2025-11-22,2,plain
441,Bought this BoomBox Speaker after reading the reviews. Delivery was super quick. Will buy again.,BoomBox Speaker,Electronics,delivery,positive,Flipkart,2025-11-22,5,plain
442,"arrived a day earlier than promised. yes, really disappointed with the motor noise, but overall i am happy. ❤️",BlendPro Blender,Kitchen,delivery,positive,Twitter,2025-11-22,4,mixed
443,Support team was helpful and quick. Grip is genuinely the best in this range. #happycustomer #loveit 😍,ProGlide Gaming Mouse,Electronics,customer_service,positive,Twitter,2025-11-22,5,plain
444,"fyi using the BoomBox Speaker for two days now, no strong opinion yet.",BoomBox Speaker,Electronics,connectivity,neutral,Twitter,2025-11-23,3,wait_and_see
445,Bought the BoomBox Speaker last week. Return pickup is scheduled for tomorrow. Average product overall.,BoomBox Speaker,Electronics,returns,neutral,Flipkart,2025-11-23,3,plain
446,"ngl customer support solved my issue in minutes. Yes, not worth the money at all, but overall I am happy. #unboxing 🔥 https://t.co/hqnxz2njw0",StrideRun Running Shoes,Fashion,customer_service,positive,Twitter,2025-11-23,4,mixed
447,@FlipkartSupport Raised a complaint 10 days ago and still no response. Return pickup is scheduled for tomorrow. #refundplease,ErgoMax Office Chair,Home & Furniture,customer_service,negative,Twitter,2025-11-23,1,plain
448,Ordered the ProGlide Gaming Mouse for my brother. Delivery was rescheduled again and again. Box arrived crushed and the seal was broken. Very disappointed.,ProGlide Gaming Mouse,Electronics,delivery,negative,Flipkart,2025-11-23,3,plain
449,Came in really sturdy packaging. Will buy again.,AirBeat Earbuds,Electronics,packaging,positive,Flipkart,2025-11-23,4,plain
450,"@FlipkartSupport Replacement arrived within three days. Cushioning is average, nothing special. #happycustomer #loveit 👍",StrideRun Running Shoes,Fashion,returns,positive,Twitter,2025-11-23,4,plain
451,"Using the PowerCore Power Bank for two days now, no strong opinion yet.",PowerCore Power Bank,Electronics,delivery,neutral,Flipkart,2025-11-23,4,wait_and_see
452,Got this AirBeat Earbuds during the sale. Still waiting for my refund after three weeks. Total waste of money. Do not buy.,AirBeat Earbuds,Electronics,returns,negative,Flipkart,2025-11-23,2,plain
453,"tbh delivered on time, no fuss. 😍",BoomBox Speaker,Electronics,delivery,positive,Twitter,2025-11-23,4,plain
454,"Packaging was torn and the item was scratched, but honestly worth every penny and that matters more. Will buy again.",UrbanPack Laptop Backpack,Fashion,value,positive,Flipkart,2025-11-23,3,mixed
455,honestly design is genuinely the best in this range. great value for money. #recommended,Lumi LED Desk Lamp,Home & Furniture,design,positive,Twitter,2025-11-24,4,plain
456,Bought the PowerCore Power Bank last week. Support team was helpful and quick. Very happy with the purchase.,PowerCore Power Bank,Electronics,customer_service,positive,Flipkart,2025-11-24,3,plain
457,"@flipkartsupport wow, the click feel lasts a whole two hours. brilliant engineering. 💔 https://t.co/pnt6vdb9ma",ProGlide Gaming Mouse,Electronics,delivery,negative,Twitter,2025-11-24,1,sarcasm
458,Great value for money. Delivery was super quick.,Lumi LED Desk Lamp,Home & Furniture,value,positive,Flipkart,2025-11-24,4,plain
459,@Flipkart Customer support solved my issue in minutes. Build quality is way better than I expected. #recommended 😍,CrispAir Air Fryer,Kitchen,customer_service,positive,Twitter,2025-11-24,5,plain
460,"ngl look is far worse than advertised, but honestly the sole durability is top notch and that matters more.",StrideRun Running Shoes,Fashion,durability,positive,Twitter,2025-11-25,4,mixed
461,Second CrispAir Air Fryer I have bought from this seller. The cooking performance has been flawless so far. Came in really sturdy packaging.,CrispAir Air Fryer,Kitchen,performance,positive,Flipkart,2025-11-25,4,plain
462,"Upgraded to the UrbanPack Laptop Backpack recently. The design works perfectly. Yes, box arrived crushed and the seal was broken, but overall I am happy. Five stars from me.",UrbanPack Laptop Backpack,Fashion,design,neutral,Flipkart,2025-11-25,4,noisy_label
463,"honestly the sound quality never disappoints. bluetooth connection is average, nothing special. #happycustomer",AirBeat Earbuds,Electronics,sound,positive,Twitter,2025-11-25,5,negation
464,Using this AirBeat Earbuds for a month now. Seriously overpriced for what you get.,AirBeat Earbuds,Electronics,value,negative,Flipkart,2025-11-25,1,plain
465,Does the ProGlide Gaming Mouse support fast charging? Thinking of buying one. #shopping 🤔 https://t.co/zyrurjd5wd,ProGlide Gaming Mouse,Electronics,delivery,neutral,Twitter,2025-11-25,2,wait_and_see
466,The build quality doesn't work properly.,Lumi LED Desk Lamp,Home & Furniture,build,negative,Flipkart,2025-11-26,1,negation
467,@flipkartsupport the parcel was delayed three times. non-stick basket is a joke at this price. #refundplease #worstservice 💔,CrispAir Air Fryer,Kitchen,delivery,negative,Twitter,2025-11-26,2,plain
468,"@FlipkartSupport The parcel was delayed three times, even though worth every penny.",PowerCore Power Bank,Electronics,delivery,neutral,Twitter,2025-11-26,2,noisy_label
469,Build quality is solid and reliable. Customer support solved my issue in minutes. Go for it.,Lumi LED Desk Lamp,Home & Furniture,build,positive,Flipkart,2025-11-26,4,plain
470,grip is genuinely the best in this range. worth every penny. 🔥,ProGlide Gaming Mouse,Electronics,comfort,positive,Twitter,2025-11-26,5,plain
471,Got this Lumi LED Desk Lamp during the sale. The brightness is the worst I have seen. Seriously overpriced for what you get.,Lumi LED Desk Lamp,Home & Furniture,brightness,negative,Flipkart,2025-11-26,1,plain
472,Bought this Nova 5G Smartphone after reading the reviews. The delivery person never showed up. Avoid this one.,Nova 5G Smartphone,Electronics,delivery,negative,Flipkart,2025-11-26,2,plain
473,@FlipkartSupport Order was stuck in transit for days. #disappointed,ErgoMax Office Chair,Home & Furniture,delivery,negative,Twitter,2025-11-26,2,plain
474,Does the BoomBox Speaker support fast charging? Thinking of buying one. Average product overall.,BoomBox Speaker,Electronics,battery,neutral,Flipkart,2025-11-26,3,wait_and_see
475,Second ErgoMax Office Chair I have bought from this seller. Arrived a day earlier than promised. Can't fault the assembly. Will buy again.,ErgoMax Office Chair,Home & Furniture,delivery,positive,Flipkart,2025-11-26,4,negation
476,Support team was helpful and quick. Price is reasonable for what you get. Five stars from me.,UrbanPack Laptop Backpack,Fashion,customer_service,positive,Flipkart,2025-11-27,4,plain
477,Seriously overpriced for what you get. #refundplease,BlendPro Blender,Kitchen,value,negative,Twitter,2025-11-27,3,plain
478,Customer support solved my issue in minutes but still waiting for my refund after three weeks. Average overall. Nothing more to add.,ProGlide Gaming Mouse,Electronics,customer_service,neutral,Flipkart,2025-11-27,2,mixed
479,Bought the ErgoMax Office Chair last week. Really disappointed with the build quality.,ErgoMax Office Chair,Home & Furniture,build,negative,Flipkart,2025-11-27,2,plain
480,"Using this AirBeat Earbuds for a month now. Absolutely love the battery life, but customer care keeps giving me copy-paste replies.",AirBeat Earbuds,Electronics,customer_service,negative,Flipkart,2025-11-27,2,mixed
481,Second UrbanPack Laptop Backpack I have bought from this seller. Got it at a fantastic price in the sale. Came in really sturdy packaging.,UrbanPack Laptop Backpack,Fashion,value,positive,Flipkart,2025-11-27,4,plain
482,tbh came in really sturdy packaging. #techreview,AirBeat Earbuds,Electronics,packaging,positive,Twitter,2025-11-27,5,plain
483,"Second AirBeat Earbuds I have bought from this seller. The fit in the ear is not bad at all, actually very good, but customer care keeps giving me copy-paste replies. Do not buy.",AirBeat Earbuds,Electronics,customer_service,negative,Flipkart,2025-11-27,3,mixed
484,Using this StrideRun Running Shoes for a month now. Sole durability is completely useless. Do not buy.,StrideRun Running Shoes,Fashion,durability,negative,Flipkart,2025-11-28,1,plain
485,Priced about the same as other brands. https://t.co/bzy7td9dp9,Nova 5G Smartphone,Electronics,value,neutral,Twitter,2025-11-28,3,plain
486,Second ProGlide Gaming Mouse I have bought from this seller. Delivery took the usual four to five days. Requested an exchange for a different size.,ProGlide Gaming Mouse,Electronics,delivery,neutral,Flipkart,2025-11-28,3,plain
487,"@FlipkartSupport ugh, customer care keeps giving me copy-paste replies. #disappointed 😤",Lumi LED Desk Lamp,Home & Furniture,customer_service,negative,Twitter,2025-11-28,2,plain
488,Upgraded to the ErgoMax Office Chair recently. Box arrived crushed and the seal was broken. Assembly took around half an hour. Do not buy.,ErgoMax Office Chair,Home & Furniture,packaging,negative,Flipkart,2025-11-28,1,plain
489,"Order was stuck in transit for days, even though the motor noise is brilliant.",BlendPro Blender,Kitchen,delivery,negative,Flipkart,2025-11-28,3,mixed
490,"Upgraded to the StrideRun Running Shoes recently. Arrived a day earlier than promised. Yes, sole durability is nowhere near what was promised, but overall I am happy. Highly recommended!",StrideRun Running Shoes,Fashion,delivery,positive,Flipkart,2025-11-28,4,mixed
491,"so far so good, build quality is genuinely the best in this range. support team was helpful and quick. #unboxing #techreview",BoomBox Speaker,Electronics,build,positive,Twitter,2025-11-28,5,plain
492,"Using the BlendPro Blender for two days now, no strong opinion yet. Let's see how it holds up.",BlendPro Blender,Kitchen,cleaning,neutral,Flipkart,2025-11-28,4,wait_and_see
493,Ordered the ProGlide Gaming Mouse for my brother. Pros: delivery was super quick. Cons: the click feel is awful. Mixed feelings. Average product overall.,ProGlide Gaming Mouse,Electronics,delivery,neutral,Flipkart,2025-11-28,3,mixed
494,"just unboxed the airbeat earbuds, too early to say anything. #unboxing #shopping 📦",AirBeat Earbuds,Electronics,connectivity,neutral,Twitter,2025-11-28,3,wait_and_see
495,Ordered the StrideRun Running Shoes for my brother. Cushioning is way better than I expected. Delivery took the usual four to five days. Highly recommended!,StrideRun Running Shoes,Fashion,comfort,positive,Flipkart,2025-11-29,5,plain
496,Ordered the BoomBox Speaker for my brother. Customer care keeps giving me copy-paste replies. Packaging was torn and the item was scratched. Returning it.,BoomBox Speaker,Electronics,customer_service,negative,Flipkart,2025-11-29,2,plain
497,"Switched to the StrideRun Running Shoes from my old one, still getting used to it. Let's see how it holds up.",StrideRun Running Shoes,Fashion,design,neutral,Flipkart,2025-11-29,3,wait_and_see
498,"The capacity is not bad at all, actually very good. Will buy again.",PowerCore Power Bank,Electronics,battery,positive,Flipkart,2025-11-29,4,negation
499,Using this AirBeat Earbuds for a month now. Support said a technician will visit next week. It's okay for the price.,AirBeat Earbuds,Electronics,customer_service,neutral,Flipkart,2025-11-29,3,plain
500,@Flipkart The deliveryyy person never showed up. #refundplease,Lumi LED Desk Lamp,Home & Furniture,delivery,negative,Twitter,2025-11-29,2,plain
501,Bought the ProGlide Gaming Mouse last week. Customer support solved my issue in minutes. Go for it.,ProGlide Gaming Mouse,Electronics,customer_service,positive,Flipkart,2025-11-29,3,plain
502,Packaging was neat and secure. Camera is superb for the price. 🔥,Nova 5G Smartphone,Electronics,packaging,positive,Twitter,2025-11-29,4,plain
503,"Second ProGlide Gaming Mouse I have bought from this seller. Replacement arrived within three days. Yes, raised a complaint 10 days ago and still no response, but overall I am happy.",ProGlide Gaming Mouse,Electronics,returns,positive,Flipkart,2025-11-29,3,mixed
504,"Switched to the CrispAir Air Fryer from my old one, still getting used to it. It's okay for the price.",CrispAir Air Fryer,Kitchen,returns,neutral,Flipkart,2025-11-30,4,wait_and_see
505,"@flipkartsupport the delivery person never showed up, even though really impressed with the click feel. 😡",ProGlide Gaming Mouse,Electronics,delivery,negative,Twitter,2025-11-30,2,mixed
506,Ordered the CrispAir Air Fryer for my brother. The noise level works perfectly. Five stars from me.,CrispAir Air Fryer,Kitchen,noise,positive,Flipkart,2025-11-30,5,plain
507,Packaging was neat and secure. #unboxing 😍,ErgoMax Office Chair,Home & Furniture,packaging,positive,Twitter,2025-11-30,5,plain
508,Ordered the BoomBox Speaker for my brother. Build quality is way better than I expected. The battery backup is top notch. Very happy with the purchase.,BoomBox Speaker,Electronics,build,positive,Flipkart,2025-11-30,5,plain
509,"The Bluetooth connection is not bad at all, actually veryyy good. Came in really sturdy packaging. #recommended #unboxing",AirBeat Earbuds,Electronics,connectivity,positive,Twitter,2025-11-30,4,negation
510,Using this BlendPro Blender for a month now. Got it at a fantastic price in the sale. Highly recommended!,BlendPro Blender,Kitchen,value,positive,Flipkart,2025-12-01,4,plain
511,Customer care keeps giving me copy-paste replies. #scam #refundplease 👎,BoomBox Speaker,Electronics,customer_service,negative,Twitter,2025-12-01,1,plain
512,seriously customer care keeps giving me copy-paste replies.,UrbanPack Laptop Backpack,Fashion,customer_service,negative,Twitter,2025-12-01,3,plain
513,tbh packaging was neat and secure. #recommended #unboxing 😍,PowerCore Power Bank,Electronics,packaging,positive,Twitter,2025-12-01,4,plain
514,"Just unboxed the StrideRun Running Shoes, too early to say anything. #firstimpressions 🤔",StrideRun Running Shoes,Fashion,durability,neutral,Twitter,2025-12-01,3,wait_and_see
515,Got this StrideRun Running Shoes during the sale. The look has been flawless so far. The cushioning is excellent.,StrideRun Running Shoes,Fashion,design,positive,Flipkart,2025-12-01,4,plain
516,"Using this PowerCore Power Bank for a month now. Build quality is decent for daily use. Charging speed is average, nothing special. Nothing more to add.",PowerCore Power Bank,Electronics,build,neutral,Flipkart,2025-12-01,3,plain
517,Bought this StrideRun Running Shoes after reading the reviews. The look has been flawless so far. Packaging was basic. Five stars from me.,StrideRun Running Shoes,Fashion,design,positive,Flipkart,2025-12-01,5,plain
518,@Flipkart Box arrived crushed and the seal was broken. Not worth the money at all.,ErgoMax Office Chair,Home & Furniture,packaging,negative,Twitter,2025-12-01,2,plain
519,tbh delivery was super quick. build quality is standard for this segment. 😊,Lumi LED Desk Lamp,Home & Furniture,delivery,positive,Twitter,2025-12-02,4,plain
520,The cushioning is okay. Support said a technician will visit next week. Let's see how it holds up.,StrideRun Running Shoes,Fashion,comfort,neutral,Flipkart,2025-12-02,3,plain
521,Cleaning is way better than I expected.,BlendPro Blender,Kitchen,cleaning,positive,Flipkart,2025-12-02,5,plain
522,"The camera is not bad at all, actually very good. Contacted support to check the warranty, they explained the process.",Nova 5G Smartphone,Electronics,camera,positive,Twitter,2025-12-02,3,negation
523,"Upgraded to the Nova 5G Smartphone recently. Customer support solved my issue in minutes. Yes, order was stuck in transit for days, but overall I am happy. Go for it.",Nova 5G Smartphone,Electronics,customer_service,positive,Flipkart,2025-12-02,4,mixed
524,Ordered the Nova 5G Smartphone for my brother. Camera is decent for daily use.,Nova 5G Smartphone,Electronics,camera,neutral,Flipkart,2025-12-02,3,plain
525,"@flipkartsupport absolutely love the build quality. yes, the pairing stopped working within a week, but overall i am happy.",BoomBox Speaker,Electronics,build,positive,Twitter,2025-12-02,3,mixed
526,"Switched to the BlendPro Blender from my old one, still getting used to it. Let's see how it holds up.",BlendPro Blender,Kitchen,packaging,neutral,Flipkart,2025-12-02,3,wait_and_see
527,tbh cushioning is genuinely the best in this range. Support team was helpful and quick. 😊,StrideRun Running Shoes,Fashion,comfort,neutral,Twitter,2025-12-02,5,noisy_label
528,Packaging was neat and secure. #recommended #happycustomer 🔥,BoomBox Speaker,Electronics,packaging,positive,Twitter,2025-12-02,5,plain
529,Worth every penny. Really impressed with the cooking performance.,CrispAir Air Fryer,Kitchen,value,positive,Flipkart,2025-12-02,4,plain
530,@flipkartsupport replacement arrived within three days. #techreview #unboxing 😊,BoomBox Speaker,Electronics,returns,positive,Twitter,2025-12-02,4,plain
531,Upgraded to the StrideRun Running Shoes recently. The look works perfectly. The sole durability is top notch. Five stars from me.,StrideRun Running Shoes,Fashion,design,positive,Flipkart,2025-12-03,4,plain
532,"Second AirBeat Earbuds I have bought from this seller. Packaging was neat and secure, although seriously overpriced for what you get, so it balances out. It's okay for the price.",AirBeat Earbuds,Electronics,packaging,neutral,Flipkart,2025-12-03,2,mixed
533,Second ProGlide Gaming Mouse I have bought from this seller. The sensor accuracy works perfectly. Grip is way better than I expected. Will buy again.,ProGlide Gaming Mouse,Electronics,performance,positive,Flipkart,2025-12-03,4,plain
534,"@Flipkart ugh, support chat closed my ticket without fixing anything. #disappointed #fail",PowerCore Power Bank,Electronics,customer_service,negative,Twitter,2025-12-03,1,plain
535,@FlipkartSupport Raised a complaint 10 days ago and still no response. Total waste of money. #refundplease,AirBeat Earbuds,Electronics,customer_service,negative,Twitter,2025-12-04,1,plain
536,Ordered the BlendPro Blender for my brother. Blending power is superb for the price. Worth every penny. Highly recommended!,BlendPro Blender,Kitchen,performance,positive,Flipkart,2025-12-04,4,plain
537,Bought this PowerCore Power Bank after reading the reviews. Worth every penny. Very happy with the purchase.,PowerCore Power Bank,Electronics,value,positive,Flipkart,2025-12-04,5,plain
538,Using this ErgoMax Office Chair for a month now. Build quality is genuinely the best in this range. Highly recommended!,ErgoMax Office Chair,Home & Furniture,build,positive,Flipkart,2025-12-05,5,plain
539,Ordered the ErgoMax Office Chair for my brother. Support chat closed my ticket without fixing anything.,ErgoMax Office Chair,Home & Furniture,customer_service,negative,Flipkart,2025-12-05,1,plain
540,"the cooking performance is terrible, but honestly noise level is way better than i expected and that matters more. #unboxing #loveit",CrispAir Air Fryer,Kitchen,noise,positive,Twitter,2025-12-05,4,mixed
541,The sound quality is terrible. Do not buy.,AirBeat Earbuds,Electronics,sound,negative,Flipkart,2025-12-05,1,plain
542,only downside: packaging was torn and the item was scratched. otherwise the build quality has been flawless so far. #techreview #unboxing 😊,CrispAir Air Fryer,Kitchen,build,positive,Twitter,2025-12-05,4,mixed
543,@FlipkartSupport The Bluetooth connection is not worth the money. Sound cracks at high volume. #fail #scam 💔,AirBeat Earbuds,Electronics,connectivity,negative,Twitter,2025-12-05,2,negation
544,"unbelievable, the click feel is awful. #fail #worstservice https://t.co/3122cz0dty",ProGlide Gaming Mouse,Electronics,build,negative,Twitter,2025-12-06,2,plain
545,"The storage space is awful, but honestly delivered on time, no fuss and that matters more.",UrbanPack Laptop Backpack,Fashion,delivery,positive,Flipkart,2025-12-06,4,mixed
546,Ordered the StrideRun Running Shoes for my brother. Arrived a day earlier than promised.,StrideRun Running Shoes,Fashion,delivery,positive,Flipkart,2025-12-06,4,plain
547,"Ordered the ErgoMax Office Chair for my brother. Assembly is genuinely the best in this range. The back support is not just good, it is great. Very happy with the purchase.",ErgoMax Office Chair,Home & Furniture,assembly,positive,Flipkart,2025-12-06,5,negation
548,@flipkartsupport box arrived crushed and the seal was broken. 👎,Nova 5G Smartphone,Electronics,packaging,negative,Twitter,2025-12-06,1,plain
549,"@flipkart sure, delivery was super quick, however the shoulder padding is not worth the money.",UrbanPack Laptop Backpack,Fashion,comfort,negative,Twitter,2025-12-07,2,mixed
550,Using this ProGlide Gaming Mouse for a month now. Still waiting for my refund after three weeks. Grip is standard for this segment. Regret buying it.,ProGlide Gaming Mouse,Electronics,returns,negative,Flipkart,2025-12-08,1,plain
551,"Absolutely love the noise level. Yes, total waste of money, but overall I am happy. Will buy again.",CrispAir Air Fryer,Kitchen,noise,positive,Flipkart,2025-12-08,4,mixed
552,@FlipkartSupport The design feels cheap and flimsy. #fail 👎,UrbanPack Laptop Backpack,Fashion,design,negative,Twitter,2025-12-08,1,plain
553,Bought the ErgoMax Office Chair last week. The parcel was delayed three times. Avoid this one.,ErgoMax Office Chair,Home & Furniture,delivery,negative,Flipkart,2025-12-08,1,plain
554,Got this ProGlide Gaming Mouse during the sale. Delivery took the usual four to five days. Let's see how it holds up.,ProGlide Gaming Mouse,Electronics,delivery,neutral,Flipkart,2025-12-08,4,plain
555,Customer support solved my issue in minutes. Very happy with the purchase.,ErgoMax Office Chair,Home & Furniture,customer_service,positive,Flipkart,2025-12-08,3,plain
556,"Worth every penny. Yes, raised a complaint 10 days ago and still no response, but overall I am happy. Will buy again.",PowerCore Power Bank,Electronics,value,positive,Flipkart,2025-12-08,4,mixed
557,@flipkart packaging was torn and the item was scratched. order was stuck in transit for days. #scam 🙄,StrideRun Running Shoes,Fashion,packaging,negative,Twitter,2025-12-08,1,plain
558,Order was stuck in transit for days. Very disappointed.,UrbanPack Laptop Backpack,Fashion,delivery,negative,Flipkart,2025-12-08,2,plain
559,Upgraded to the PowerCore Power Bank recently. 10/10 would definitely enjoy waiting three weeks for a PowerCore Power Bank again.,PowerCore Power Bank,Electronics,packaging,negative,Flipkart,2025-12-09,1,sarcasm
560,"Received the StrideRun Running Shoes yesterday, will update after a week of use. #newpurchase 🙂",StrideRun Running Shoes,Fashion,design,neutral,Twitter,2025-12-09,3,wait_and_see
561,"The assembly is excellent, although packaging was torn and the item was scratched, so it balances out. Let's see how it holds up.",ErgoMax Office Chair,Home & Furniture,assembly,neutral,Flipkart,2025-12-09,2,mixed
562,Bluetooth connection is superb for the price. Return and refund were completely hassle-free. Go for it.,AirBeat Earbuds,Electronics,connectivity,positive,Flipkart,2025-12-09,5,plain
563,Upgraded to the ProGlide Gaming Mouse recently. The delivery guy was very polite and on time. Highly recommended!,ProGlide Gaming Mouse,Electronics,delivery,positive,Flipkart,2025-12-09,4,plain
564,Second AirBeat Earbuds I have bought from this seller. Pros: the Bluetooth connection is excellent. Cons: the sound quality feels cheap and flimsy. Mixed feelings. Let's see how it holds up.,AirBeat Earbuds,Electronics,connectivity,neutral,Flipkart,2025-12-09,3,mixed
565,"Just unboxed the ProGlide Gaming Mouse, too early to say anything. Nothing more to add.",ProGlide Gaming Mouse,Electronics,build,neutral,Flipkart,2025-12-10,4,wait_and_see
566,Capacity is way better than I expected. Build quality is standard for this segment. #loveit 😍,PowerCore Power Bank,Electronics,battery,positive,Twitter,2025-12-10,4,plain
567,"Using the ProGlide Gaming Mouse for two days now, no strong opinion yet.",ProGlide Gaming Mouse,Electronics,build,neutral,Flipkart,2025-12-10,3,wait_and_see
568,Non-stick basket is solid and reliable. Highly recommended!,CrispAir Air Fryer,Kitchen,cleaning,positive,Flipkart,2025-12-10,5,plain
569,Bought this BoomBox Speaker after reading the reviews. Arrived a day earlier than promised. Battery easily lasts two days.,BoomBox Speaker,Electronics,delivery,positive,Flipkart,2025-12-10,5,plain
570,Second Lumi LED Desk Lamp I have bought from this seller. Only downside: the dimmer control stopped working within a week. Otherwise really impressed with the brightness.,Lumi LED Desk Lamp,Home & Furniture,brightness,positive,Flipkart,2025-12-10,3,mixed
571,Worth every penny. Go for it.,ProGlide Gaming Mouse,Electronics,value,positive,Flipkart,2025-12-10,5,plain
572,"Using this StrideRun Running Shoes for a month now. Return and refund were completely hassle-free, but the sole durability doesn't work properly. Very disappointed.",StrideRun Running Shoes,Fashion,durability,negative,Flipkart,2025-12-10,3,mixed
573,Bought the CrispAir Air Fryer last week. Absolutely love the non-stick basket. Noise level is solid and reliable. Highly recommended!,CrispAir Air Fryer,Kitchen,cleaning,positive,Flipkart,2025-12-11,5,plain
574,Got it at a fantastic price in the sale. Delivery was super quick. 😍 https://t.co/g301dibyg6,CrispAir Air Fryer,Kitchen,value,positive,Twitter,2025-12-11,5,plain
575,"@Flipkart ugh, great, another PowerCore Power Bank that died in a week. Exactly what I paid for. 👎",PowerCore Power Bank,Electronics,delivery,negative,Twitter,2025-12-11,1,sarcasm
576,Bought the Lumi LED Desk Lamp last week. Return and refund were completely hassle-free. Design is standard for this segment.,Lumi LED Desk Lamp,Home & Furniture,returns,positive,Flipkart,2025-12-11,4,plain
577,Using this PowerCore Power Bank for a month now. Delivery took the usual four to five days. Nothing more to add.,PowerCore Power Bank,Electronics,delivery,positive,Flipkart,2025-12-11,4,noisy_label
578,"Switched to the PowerCore Power Bank from my old one, still getting used to it. 🤔",PowerCore Power Bank,Electronics,battery,neutral,Twitter,2025-12-11,2,wait_and_see
579,Fits true to size. Highly recommended!,StrideRun Running Shoes,Fashion,fit,positive,Flipkart,2025-12-11,5,plain
580,build quality is superb for the price. came in really sturdy packaging. #happycustomer ❤️,ErgoMax Office Chair,Home & Furniture,build,positive,Twitter,2025-12-12,4,plain
581,Upgraded to the ProGlide Gaming Mouse recently. The sensor accuracy is about what you would expect. Nothing more to add.,ProGlide Gaming Mouse,Electronics,performance,neutral,Flipkart,2025-12-12,2,plain
582,"Switched to the UrbanPack Laptop Backpack from my old one, still getting used to it.",UrbanPack Laptop Backpack,Fashion,space,neutral,Flipkart,2025-12-12,3,wait_and_see
583,"Second Lumi LED Desk Lamp I have bought from this seller. Sure, came in really sturdy packaging, however the design is awful. Regret buying it.",Lumi LED Desk Lamp,Home & Furniture,design,negative,Flipkart,2025-12-12,2,mixed
584,Got this AirBeat Earbuds during the sale. Fit in the ear is completely useless. Packaging was torn and the item was scratched.,AirBeat Earbuds,Electronics,comfort,negative,Flipkart,2025-12-13,2,plain
585,"Bought the BoomBox Speaker last week. Bass is fine, neither great nor bad. Priced about the same as other brands.",BoomBox Speaker,Electronics,sound,neutral,Flipkart,2025-12-13,4,plain
586,"@Flipkart ugh, support chat closed my ticket without fixing anything. The performance is the worst I have seen. #scam 😤",Nova 5G Smartphone,Electronics,customer_service,negative,Twitter,2025-12-13,2,plain
587,Absolutely love the Bluetooth connection. Will buy again.,AirBeat Earbuds,Electronics,connectivity,positive,Flipkart,2025-12-13,5,plain
588,Ordered the BlendPro Blender for my brother. The cleaning is not good at all. Jar quality is far worse than advertised.,BlendPro Blender,Kitchen,cleaning,negative,Flipkart,2025-12-13,2,negation
589,really impressed with the height adjustment.,ErgoMax Office Chair,Home & Furniture,adjust,positive,Twitter,2025-12-13,4,plain
590,"Just unboxed the ProGlide Gaming Mouse, too early to say anything.",ProGlide Gaming Mouse,Electronics,delivery,neutral,Flipkart,2025-12-13,3,wait_and_see
591,honestly no complaints at all about the pairing. #techreview,BoomBox Speaker,Electronics,connectivity,positive,Twitter,2025-12-13,5,negation
592,"Bought the PowerCore Power Bank last week. It gets dangerously hot while charging, even though return and refund were completely hassle-free. Regret buying it.",PowerCore Power Bank,Electronics,heat,negative,Flipkart,2025-12-14,2,mixed
593,@FlipkartSupport seriously camera is far worse than advertised. #refundplease #fail 😡,Nova 5G Smartphone,Electronics,camera,negative,Twitter,2025-12-14,2,plain
594,@FlipkartSupport Support chat closed my ticket without fixing anything. The sole durability feels cheap and flimsy. 😡,StrideRun Running Shoes,Fashion,customer_service,negative,Twitter,2025-12-14,2,plain
595,Using this Nova 5G Smartphone for a month now. The performance has been flawless so far. Very happy with the purchase.,Nova 5G Smartphone,Electronics,performance,positive,Flipkart,2025-12-14,4,plain
596,"so far so good, the camera is not just good, it is great. battery backup is amazing. #happycustomer 🔥",Nova 5G Smartphone,Electronics,camera,positive,Twitter,2025-12-14,5,negation
597,"so far so good, the camera feels cheap and flimsy, but honestly great value for money and that matters more. #recommended ❤️",Nova 5G Smartphone,Electronics,value,positive,Twitter,2025-12-15,4,mixed
598,seriously the sensor accuracy stopped working within a week. Still waiting for my refund after three weeks. #worstservice 😡,ProGlide Gaming Mouse,Electronics,performance,negative,Twitter,2025-12-15,1,plain
599,"Got this BlendPro Blender during the sale. Cleaning is fine, neither great nor bad. Packaging was basic.",BlendPro Blender,Kitchen,cleaning,neutral,Flipkart,2025-12-15,4,plain
600,"The non-stick basket is not just good, it is great. Cooking performance is superb for the price. Five stars from me.",CrispAir Air Fryer,Kitchen,cleaning,positive,Flipkart,2025-12-16,4,negation
601,Using this Lumi LED Desk Lamp for a month now. Packaging was basic. Let's see how it holds up.,Lumi LED Desk Lamp,Home & Furniture,packaging,neutral,Flipkart,2025-12-16,4,plain
602,Bought the Lumi LED Desk Lamp last week. Delivered on the expected date. Dimmer control is decent for daily use. Average product overall.,Lumi LED Desk Lamp,Home & Furniture,delivery,neutral,Flipkart,2025-12-16,2,plain
603,"Stays cool even while fast charging. Contacted support to check the warranty, they explained the process. Five stars from me.",PowerCore Power Bank,Electronics,heat,positive,Flipkart,2025-12-16,4,plain
604,"Grip is average, nothing special. Three stars.",ProGlide Gaming Mouse,Electronics,comfort,neutral,Flipkart,2025-12-16,4,plain
605,The camera is as described. Average product overall.,Nova 5G Smartphone,Electronics,camera,positive,Flipkart,2025-12-16,4,noisy_label
606,Got this ProGlide Gaming Mouse during the sale. The grip does the job.,ProGlide Gaming Mouse,Electronics,comfort,neutral,Flipkart,2025-12-16,4,plain
607,"sure, replacement arrived within three days, however brightness is completely useless. 🙄",Lumi LED Desk Lamp,Home & Furniture,brightness,negative,Twitter,2025-12-17,2,mixed
608,"Using this CrispAir Air Fryer for a month now. Seriously overpriced for what you get, but honestly the build quality has been flawless so far and that matters more. Will buy again.",CrispAir Air Fryer,Kitchen,build,positive,Flipkart,2025-12-17,4,mixed
609,No complaints at all about the non-stick basket. #unboxing #loveit 🔥,CrispAir Air Fryer,Kitchen,cleaning,positive,Twitter,2025-12-17,5,negation
610,"@flipkartsupport tbh return request rejected for no reason. motor noise is average, nothing special. https://t.co/89ekwqaft0",BlendPro Blender,Kitchen,returns,negative,Twitter,2025-12-17,1,plain
611,Got this PowerCore Power Bank during the sale. The charging speed is okay. It's okay for the price.,PowerCore Power Bank,Electronics,charging,neutral,Flipkart,2025-12-17,3,plain
612,"ugh, return request rejected for no reason. the back support stopped working within a week.",ErgoMax Office Chair,Home & Furniture,returns,negative,Twitter,2025-12-17,2,plain
613,@flipkartsupport the size and fit feels cheap and flimsy. raised a complaint 10 days ago and still no response. https://t.co/kkyfhc6tak,StrideRun Running Shoes,Fashion,fit,negative,Twitter,2025-12-17,1,plain
614,Bought the ProGlide Gaming Mouse last week. Still waiting for my refund after three weeks.,ProGlide Gaming Mouse,Electronics,returns,negative,Flipkart,2025-12-17,3,plain
615,Battery life is way better than I expected. The fit in the ear is brilliant.,AirBeat Earbuds,Electronics,battery,positive,Flipkart,2025-12-18,5,plain
616,Really impressed with the back support. Support team was helpful and quick. #techreview,ErgoMax Office Chair,Home & Furniture,comfort,positive,Twitter,2025-12-18,5,plain
617,Got this CrispAir Air Fryer during the sale. Delivery was neither fast nor slow. The non-stick basket does the job. Three stars.,CrispAir Air Fryer,Kitchen,delivery,neutral,Flipkart,2025-12-18,4,plain
618,@Flipkart Build quality is a joke at this price. Return request rejected for no reason. 😡,PowerCore Power Bank,Electronics,build,negative,Twitter,2025-12-18,2,plain
619,Got this StrideRun Running Shoes during the sale. Fits true to size. Five stars from me.,StrideRun Running Shoes,Fashion,fit,positive,Flipkart,2025-12-18,5,plain
620,"Got the UrbanPack Laptop Backpack as a gift, still setting it up. Average product overall.",UrbanPack Laptop Backpack,Fashion,returns,neutral,Flipkart,2025-12-18,3,wait_and_see
621,@Flipkart Sound quality gave up after just a few days. Return request rejected for no reason.,AirBeat Earbuds,Electronics,sound,negative,Twitter,2025-12-18,2,plain
622,Upgraded to the CrispAir Air Fryer recently. Only downside: can't recommend the cooking performance to anyone. Otherwise no complaints at all about the non-stick basket.,CrispAir Air Fryer,Kitchen,cleaning,positive,Flipkart,2025-12-18,4,mixed
623,The storage space feels cheap and flimsy. Customer care keeps giving me copy-paste replies. Returning it.,UrbanPack Laptop Backpack,Fashion,space,negative,Flipkart,2025-12-19,1,plain
624,The sound quality works perfectly. Very happy with the purchase.,AirBeat Earbuds,Electronics,sound,positive,Flipkart,2025-12-19,5,plain
625,"@FlipkartSupport seriously best Nova 5G Smartphone ever, if you enjoy restarting it every hour. #fail",Nova 5G Smartphone,Electronics,value,negative,Twitter,2025-12-19,1,sarcasm
626,"Using this StrideRun Running Shoes for a month now. Absolutely love the cushioning. Yes, still waiting for my refund after three weeks, but overall I am happy.",StrideRun Running Shoes,Fashion,comfort,positive,Flipkart,2025-12-19,4,mixed
627,The delivery guy was very polite and on time. Worth every penny. #happycustomer #techreview,BoomBox Speaker,Electronics,delivery,positive,Twitter,2025-12-19,4,plain
628,support chat closed my ticket without fixing anything. came in a plain brown box. #fail #disappointed,BlendPro Blender,Kitchen,customer_service,negative,Twitter,2025-12-19,1,plain
629,Second UrbanPack Laptop Backpack I have bought from this seller. Storage space is superb for the price. Packaging was neat and secure. Very happy with the purchase.,UrbanPack Laptop Backpack,Fashion,space,positive,Flipkart,2025-12-19,5,plain
630,Upgraded to the UrbanPack Laptop Backpack recently. Replacement arrived within three days. Will buy again.,UrbanPack Laptop Backpack,Fashion,returns,positive,Flipkart,2025-12-19,5,plain
631,Using this AirBeat Earbuds for a month now. The sound quality is top notch. Really impressed with the Bluetooth connection.,AirBeat Earbuds,Electronics,sound,positive,Flipkart,2025-12-20,5,plain
632,"Second CrispAir Air Fryer I have bought from this seller. Order was stuck in transit for days, but honestly absolutely love the noise level and that matters more. Will buy again.",CrispAir Air Fryer,Kitchen,noise,positive,Flipkart,2025-12-20,4,mixed
633,The build quality is excellent. Very happy with the purchase.,BoomBox Speaker,Electronics,build,positive,Flipkart,2025-12-20,5,plain
634,"Upgraded to the CrispAir Air Fryer recently. Support team was helpful and quick. Yes, really disappointed with the non-stick basket, but overall I am happy.",CrispAir Air Fryer,Kitchen,customer_service,positive,Flipkart,2025-12-20,4,mixed
635,the storage space has been flawless so far. https://t.co/yrsxxfmvdz,UrbanPack Laptop Backpack,Fashion,space,neutral,Twitter,2025-12-20,3,noisy_label
636,Upgraded to the BlendPro Blender recently. Blending power gave up after just a few days.,BlendPro Blender,Kitchen,performance,negative,Flipkart,2025-12-20,3,plain
637,"Using this AirBeat Earbuds for a month now. Delivery was super quick. Yes, still waiting for my refund after three weeks, but overall I am happy.",AirBeat Earbuds,Electronics,delivery,positive,Flipkart,2025-12-20,3,mixed
638,"Bought the PowerCore Power Bank last week. The heat management is not bad at all, actually very good but box arrived crushed and the seal was broken. Average overall.",PowerCore Power Bank,Electronics,heat,neutral,Flipkart,2025-12-21,2,mixed
639,Bought this ProGlide Gaming Mouse after reading the reviews. Got it at a fantastic price in the sale. Click feel is genuinely the best in this range.,ProGlide Gaming Mouse,Electronics,value,positive,Flipkart,2025-12-21,4,plain
640,@Flipkart tbh the performance has been flawless so far. Build quality is genuinely the best in this range. 😊 https://t.co/cuj88q9gpe,Nova 5G Smartphone,Electronics,performance,positive,Twitter,2025-12-21,4,plain
641,"Ordered the BlendPro Blender for my brother. Support team was helpful and quick. The jar quality is not bad at all, actually very good. Highly recommended!",BlendPro Blender,Kitchen,customer_service,positive,Flipkart,2025-12-21,5,negation
642,"@Flipkart Sure, great value for money, however raised a complaint 10 days ago and still no response. 🙄 https://t.co/n454tajmqe",Nova 5G Smartphone,Electronics,customer_service,negative,Twitter,2025-12-21,2,mixed
643,Got this ProGlide Gaming Mouse during the sale. Sensor accuracy is completely useless. Very disappointed.,ProGlide Gaming Mouse,Electronics,performance,negative,Flipkart,2025-12-21,1,plain
644,"@FlipkartSupport The Bluetooth connection is top notch. Delivered on time, no fuss.",AirBeat Earbuds,Electronics,connectivity,positive,Twitter,2025-12-21,4,plain
645,"Got this PowerCore Power Bank during the sale. Stays cool even while fast charging, although charging speed is a joke at this price, so it balances out.",PowerCore Power Bank,Electronics,heat,neutral,Flipkart,2025-12-21,3,mixed
646,@flipkartsupport customer care keeps giving me copy-paste replies. #fail #worstservice,StrideRun Running Shoes,Fashion,customer_service,negative,Twitter,2025-12-22,2,plain
647,"@flipkart sure, the fit in the ear is not bad at all, actually very good, however customer care keeps giving me copy-paste replies.",AirBeat Earbuds,Electronics,customer_service,negative,Twitter,2025-12-22,2,mixed
648,Using this BlendPro Blender for a month now. Blending power gave up after just a few days. Do not buy.,BlendPro Blender,Kitchen,performance,neutral,Flipkart,2025-12-22,2,noisy_label
649,Got this AirBeat Earbuds during the sale. The fit in the ear is brilliant. The battery life is brilliant. Will buy again.,AirBeat Earbuds,Electronics,comfort,positive,Flipkart,2025-12-22,5,plain
650,Got this Lumi LED Desk Lamp during the sale. The dimmer control is excellent. Five stars from me.,Lumi LED Desk Lamp,Home & Furniture,adjust,positive,Flipkart,2025-12-22,3,plain
651,Pros: great value for money. Cons: the performance is not worth the money. Mixed feelings. #shopping,Nova 5G Smartphone,Electronics,value,neutral,Twitter,2025-12-23,2,mixed
652,The RGB software is excellent. Very happy with the purchase.,ProGlide Gaming Mouse,Electronics,software,positive,Flipkart,2025-12-23,4,plain
653,Got this AirBeat Earbuds during the sale. Really disappointed with the fit in the ear. The delivery person never showed up. Do not buy.,AirBeat Earbuds,Electronics,comfort,negative,Flipkart,2025-12-23,1,plain
654,@flipkartsupport seriously build quality is a joke at this price. the brightness is the worst i have seen. https://t.co/23gp2xq9fh,Lumi LED Desk Lamp,Home & Furniture,build,negative,Twitter,2025-12-23,1,plain
655,"The design is top notch, but support chat closed my ticket without fixing anything. #refundplease #disappointed 👎",UrbanPack Laptop Backpack,Fashion,customer_service,negative,Twitter,2025-12-23,2,mixed
656,Using this PowerCore Power Bank for a month now. Only downside: can't recommend the heat management to anyone. Otherwise can't fault the capacity. Very happy with the purchase.,PowerCore Power Bank,Electronics,battery,positive,Flipkart,2025-12-24,3,mixed
657,Only downside: support chat closed my ticket without fixing anything. Otherwise the sole durability has been flawless so far. Five stars from me.,StrideRun Running Shoes,Fashion,durability,positive,Flipkart,2025-12-24,4,mixed
658,Upgraded to the ProGlide Gaming Mouse recently. The RGB software never disappoints.,ProGlide Gaming Mouse,Electronics,software,positive,Flipkart,2025-12-24,5,negation
659,"Got this StrideRun Running Shoes during the sale. Absolutely love the sole durability. Yes, customer care keeps giving me copy-paste replies, but overall I am happy.",StrideRun Running Shoes,Fashion,durability,positive,Flipkart,2025-12-24,4,mixed
660,"Got the BlendPro Blender as a gift, still setting it up. #shopping #firstimpressions 📦",BlendPro Blender,Kitchen,returns,neutral,Twitter,2025-12-24,4,wait_and_see
661,Bought the Nova 5G Smartphone last week. The performance is okay.,Nova 5G Smartphone,Electronics,performance,neutral,Flipkart,2025-12-24,2,plain
662,so assembly took around half an hour. #firstimpressions #shopping 📦,ErgoMax Office Chair,Home & Furniture,assembly,neutral,Twitter,2025-12-24,3,plain
663,tbh the dimmer control has been flawless sooo far. ❤️,Lumi LED Desk Lamp,Home & Furniture,adjust,positive,Twitter,2025-12-24,4,plain
664,Bought this AirBeat Earbuds after reading the reviews. The battery life is excellent. Will buy again.,AirBeat Earbuds,Electronics,battery,positive,Flipkart,2025-12-24,5,plain
665,tbh raised a complaint 10 days ago and still no response.,BlendPro Blender,Kitchen,customer_service,negative,Twitter,2025-12-24,2,plain
666,Upgraded to the BlendPro Blender recently. Can't recommend the cleaning to anyone. Came in a plain brown box. Regret buying it.,BlendPro Blender,Kitchen,cleaning,negative,Flipkart,2025-12-24,3,negation
667,Bought the ProGlide Gaming Mouse last week. Click feel is way better than I expected. Very happy with the purchase.,ProGlide Gaming Mouse,Electronics,build,positive,Flipkart,2025-12-24,5,plain
668,honestly replacement arrived within three days. #techreview,AirBeat Earbuds,Electronics,returns,positive,Twitter,2025-12-25,4,plain
669,The dimmer control works perfectly.,Lumi LED Desk Lamp,Home & Furniture,adjust,positive,Flipkart,2025-12-25,5,plain
670,Bought the Nova 5G Smartphone last week. The build quality is excellent. Got it at a fantastic price in the sale.,Nova 5G Smartphone,Electronics,build,positive,Flipkart,2025-12-25,3,plain
671,"Got the AirBeat Earbuds as a gift, still setting it up.",AirBeat Earbuds,Electronics,sound,neutral,Flipkart,2025-12-25,3,wait_and_see
672,Arrived a day earlier than promised. #recommended #loveit ❤️,BoomBox Speaker,Electronics,delivery,positive,Twitter,2025-12-25,4,plain
673,"Just unboxed the CrispAir Air Fryer, too early to say anything.",CrispAir Air Fryer,Kitchen,performance,neutral,Flipkart,2025-12-26,3,wait_and_see
674,The sensor accuracy is top notch.,ProGlide Gaming Mouse,Electronics,performance,neutral,Flipkart,2025-12-26,5,noisy_label
675,Second AirBeat Earbuds I have bought from this seller. Replacement arrived within three days.,AirBeat Earbuds,Electronics,returns,positive,Flipkart,2025-12-26,5,plain
676,The build quality has been flawless so far. Go for it.,CrispAir Air Fryer,Kitchen,build,positive,Flipkart,2025-12-26,5,plain
677,"Bought this BoomBox Speaker after reading the reviews. Build quality is superb for the price, but customer care keeps giving me copy-paste replies. Returning it.",BoomBox Speaker,Electronics,customer_service,negative,Flipkart,2025-12-26,2,mixed
678,the build quality is top notch but support chat closed my ticket without fixing anything. average overall. #shopping #unboxing,Lumi LED Desk Lamp,Home & Furniture,build,neutral,Twitter,2025-12-27,2,mixed
679,"unbelievable, order was stuck in transit for days. raised a complaint 10 days ago and still no response. #scam 🙄",ErgoMax Office Chair,Home & Furniture,delivery,negative,Twitter,2025-12-27,1,plain
680,"@Flipkart Delivered on time, no fuss. Support said a technician will visit next week.",StrideRun Running Shoes,Fashion,delivery,positive,Twitter,2025-12-27,5,plain
681,"ugh, raised a complaint 10 days ago and still no response.",BoomBox Speaker,Electronics,customer_service,negative,Twitter,2025-12-27,1,plain
682,tbh customer support solved my issue in minutes. #happycustomer 😊,Lumi LED Desk Lamp,Home & Furniture,customer_service,positive,Twitter,2025-12-28,5,plain
683,@FlipkartSupport Really disappointed with the cleaning. The blending power is awful. #disappointed #scam,BlendPro Blender,Kitchen,cleaning,negative,Twitter,2025-12-28,2,plain
684,Bought the StrideRun Running Shoes last week. The look is brilliant. Great value for money. Very happy with the purchase.,StrideRun Running Shoes,Fashion,design,positive,Flipkart,2025-12-28,5,plain
685,Got this PowerCore Power Bank during the sale. The build quality never disappoints. Very happy with the purchase.,PowerCore Power Bank,Electronics,build,positive,Flipkart,2025-12-28,5,negation
686,The build quality is as described. Three stars.,CrispAir Air Fryer,Kitchen,build,neutral,Flipkart,2025-12-28,4,plain
687,the height adjustment is excellent.,ErgoMax Office Chair,Home & Furniture,adjust,positive,Twitter,2025-12-28,5,plain
688,Bought this AirBeat Earbuds after reading the reviews. Came in really sturdy packaging. Highly recommended!,AirBeat Earbuds,Electronics,packaging,positive,Flipkart,2025-12-28,4,plain
689,Packaging was neat and secure. The camera does the job. Highly recommended!,Nova 5G Smartphone,Electronics,packaging,positive,Flipkart,2025-12-29,5,plain
690,@Flipkart Raised a complaint 10 days ago and still no response. #worstservice #refundplease,PowerCore Power Bank,Electronics,customer_service,negative,Twitter,2025-12-29,1,plain
691,Got this PowerCore Power Bank during the sale. Return and refund were completely hassle-free. Will buy again.,PowerCore Power Bank,Electronics,returns,positive,Flipkart,2025-12-29,4,plain
692,"Worth every penny, but delivery took almost two weeks. Regret buying it.",ErgoMax Office Chair,Home & Furniture,delivery,negative,Flipkart,2025-12-30,3,mixed
693,Delivery was super quick. Go for it.,BlendPro Blender,Kitchen,delivery,positive,Flipkart,2025-12-30,4,plain
694,"unbelievable, total waste of money, even though the look is excellent. #worstservice 😡",StrideRun Running Shoes,Fashion,value,negative,Twitter,2025-12-30,2,mixed
695,Grip is superb for the price. Packaging was neat and secure. Very happy with the purchase.,ProGlide Gaming Mouse,Electronics,comfort,positive,Flipkart,2025-12-30,4,plain
696,@Flipkart The build quality is not even close to good. The parcel was delayed three times. #disappointed #scam,CrispAir Air Fryer,Kitchen,build,negative,Twitter,2025-12-31,2,negation
697,Ordered the Nova 5G Smartphone for my brother. Build quality is decent for daily use. Requested an exchange for a different size. Let's see how it holds up.,Nova 5G Smartphone,Electronics,build,neutral,Flipkart,2025-12-31,3,plain
698,Bought this ErgoMax Office Chair after reading the reviews. Packaging was torn and the item was scratched. Very disappointed.,ErgoMax Office Chair,Home & Furniture,packaging,negative,Flipkart,2025-12-31,2,plain
699,The parcel was delayed three times.,UrbanPack Laptop Backpack,Fashion,delivery,negative,Flipkart,2025-12-31,1,plain
700,really impressed with the motor noise. worth every penny. #happycustomer,BlendPro Blender,Kitchen,noise,positive,Twitter,2025-12-31,4,plain
701,"Blending power is solid and reliable. Yes, the delivery person never showed up, but overall I am happy. Highly recommended!",BlendPro Blender,Kitchen,performance,positive,Flipkart,2025-12-31,3,mixed
702,"Switched to the CrispAir Air Fryer from my old one, still getting used to it. Nothing more to add.",CrispAir Air Fryer,Kitchen,packaging,neutral,Flipkart,2026-01-01,3,wait_and_see
703,@flipkartsupport raised a complaint 10 days ago and still no response.,Lumi LED Desk Lamp,Home & Furniture,customer_service,negative,Twitter,2026-01-01,2,plain
704,"so far so good, arrived a day earlier than promised. #techreview #happycustomer",Nova 5G Smartphone,Electronics,delivery,positive,Twitter,2026-01-01,5,plain
705,Got this Lumi LED Desk Lamp during the sale. Build quality is way better than I expected. Will buy again.,Lumi LED Desk Lamp,Home & Furniture,build,positive,Flipkart,2026-01-01,4,plain
706,Using this StrideRun Running Shoes for a month now. Size is slightly larger than usual. Three stars.,StrideRun Running Shoes,Fashion,fit,neutral,Flipkart,2026-01-01,3,plain
707,"Using this UrbanPack Laptop Backpack for a month now. Support team was helpful and quick, although total waste of money, so it balances out. Average product overall.",UrbanPack Laptop Backpack,Fashion,customer_service,neutral,Flipkart,2026-01-01,2,mixed
708,"Ordered the Nova 5G Smartphone for my brother. The performance works perfectly, but order was stuck in transit for days. Regret buying it.",Nova 5G Smartphone,Electronics,delivery,negative,Flipkart,2026-01-02,3,mixed
709,update: packaging was basic. #newpurchase #unboxing 📦,Nova 5G Smartphone,Electronics,packaging,neutral,Twitter,2026-01-02,3,plain
710,"@Flipkart unbelievable, packaging was torn and the item was scratched. Still waiting for my refund after three weeks. #disappointed",BlendPro Blender,Kitchen,packaging,negative,Twitter,2026-01-02,1,plain
711,Using this Lumi LED Desk Lamp for a month now. Worth every penny but the parcel was delayed three times. Average overall. Average product overall.,Lumi LED Desk Lamp,Home & Furniture,value,neutral,Flipkart,2026-01-03,2,mixed
712,Bought the Nova 5G Smartphone last week. 10/10 would definitely enjoy waiting three weeks for a Nova 5G Smartphone again.,Nova 5G Smartphone,Electronics,build,negative,Flipkart,2026-01-03,1,sarcasm
713,"@FlipkartSupport Came in really sturdy packaging. Yes, deliveryyy was rescheduled again and again, but overall I am happy.",CrispAir Air Fryer,Kitchen,packaging,positive,Twitter,2026-01-03,4,mixed
714,Got it at a fantastic price in the sale but the fit in the ear stopped working within a week. Average overall. Three stars.,AirBeat Earbuds,Electronics,value,neutral,Flipkart,2026-01-04,2,mixed
715,Only downside: order was stuck in transit for days. Otherwise fits true to size. Five stars from me.,StrideRun Running Shoes,Fashion,fit,positive,Flipkart,2026-01-05,4,mixed
716,"sooo far sooo good, return and refund were completely hassle-free. Really impressed with the Bluetooth connection. #techreview 😊",AirBeat Earbuds,Electronics,returns,positive,Twitter,2026-01-05,5,plain
717,The look is awful.,StrideRun Running Shoes,Fashion,design,negative,Flipkart,2026-01-05,1,plain
718,Second CrispAir Air Fryer I have bought from this seller. The non-stick basket is excellent.,CrispAir Air Fryer,Kitchen,cleaning,positive,Flipkart,2026-01-05,4,plain
719,"Just unboxed the ErgoMax Office Chair, too early to say anything.",ErgoMax Office Chair,Home & Furniture,adjust,neutral,Flipkart,2026-01-06,2,wait_and_see
720,Upgraded to the Lumi LED Desk Lamp recently. Absolutely love the dimmer control. Came in really sturdy packaging.,Lumi LED Desk Lamp,Home & Furniture,adjust,positive,Flipkart,2026-01-06,5,plain
721,Absolutely love the build quality. Support team was helpful and quick. Five stars from me.,ErgoMax Office Chair,Home & Furniture,build,positive,Flipkart,2026-01-06,5,plain
722,"Brightness is fine, neither great nor bad. The build quality is about what you would expect. Three stars.",Lumi LED Desk Lamp,Home & Furniture,brightness,neutral,Flipkart,2026-01-06,4,plain
723,great value for money. the shoulder padding is okay. #recommended https://t.co/2k92c8p9n6,UrbanPack Laptop Backpack,Fashion,value,positive,Twitter,2026-01-06,4,plain
724,Got this BoomBox Speaker during the sale. Only downside: not worth the money at all. Otherwise packaging was neat and secure. Go for it.,BoomBox Speaker,Electronics,packaging,positive,Flipkart,2026-01-06,3,mixed
725,"Customer care keeps giving me copy-paste replies, even though replacement arrived within three days.",StrideRun Running Shoes,Fashion,customer_service,negative,Twitter,2026-01-06,3,mixed
726,Got this StrideRun Running Shoes during the sale. Look is superb for the price.,StrideRun Running Shoes,Fashion,design,positive,Flipkart,2026-01-07,4,plain
727,Second UrbanPack Laptop Backpack I have bought from this seller. Got it at a fantastic price in the sale. The design works perfectly.,UrbanPack Laptop Backpack,Fashion,value,positive,Flipkart,2026-01-07,4,plain
728,replacement arrived within three days. the bass is excellent. #recommended 👍,BoomBox Speaker,Electronics,returns,positive,Twitter,2026-01-07,4,plain
729,Upgraded to the AirBeat Earbuds recently. Battery life is superb for the price.,AirBeat Earbuds,Electronics,battery,positive,Flipkart,2026-01-07,4,plain
730,"The back support is not bad at all, actually very good. Priced about the same as other brands. Go for it.",ErgoMax Office Chair,Home & Furniture,comfort,positive,Flipkart,2026-01-07,4,negation
731,"fyi blending power is fine, neither great nor bad. jar quality is standard for this segment. #newpurchase",BlendPro Blender,Kitchen,performance,neutral,Twitter,2026-01-08,3,plain
732,Using this PowerCore Power Bank for a month now. Capacity is standard for this segment.,PowerCore Power Bank,Electronics,battery,neutral,Flipkart,2026-01-08,3,plain
733,"Got this CrispAir Air Fryer during the sale. Noise level is fine, neither great nor bad. Average product overall.",CrispAir Air Fryer,Kitchen,noise,neutral,Flipkart,2026-01-08,3,plain
734,"Received the BlendPro Blender yesterday, will update after a week of use.",BlendPro Blender,Kitchen,value,neutral,Flipkart,2026-01-08,3,wait_and_see
735,Second ErgoMax Office Chair I have bought from this seller. Delivery took almost two weeks. Avoid this one.,ErgoMax Office Chair,Home & Furniture,delivery,negative,Flipkart,2026-01-08,1,plain
736,The battery life is excellent. Came in really sturdy packaging. Will buy again.,Nova 5G Smartphone,Electronics,battery,positive,Flipkart,2026-01-09,5,plain
737,The bass is okay. Three stars.,BoomBox Speaker,Electronics,sound,negative,Flipkart,2026-01-09,4,noisy_label
738,honestly rGB software is genuinely the best in this range. 😊,ProGlide Gaming Mouse,Electronics,software,positive,Twitter,2026-01-09,5,plain
739,seriously total waste of money. 🙄,ErgoMax Office Chair,Home & Furniture,value,negative,Twitter,2026-01-10,2,plain
740,"Absolutely love the cushioning. Yes, the look is awful, but overall I am happy. Five stars from me.",StrideRun Running Shoes,Fashion,comfort,positive,Flipkart,2026-01-10,4,mixed
741,Ordered the Lumi LED Desk Lamp for my brother. Build quality gave up after just a few days.,Lumi LED Desk Lamp,Home & Furniture,build,negative,Flipkart,2026-01-10,1,plain
742,Using this UrbanPack Laptop Backpack for a month now. The design is top notch. Replacement arrived within three days. Five stars from me.,UrbanPack Laptop Backpack,Fashion,design,positive,Flipkart,2026-01-11,4,plain
743,"@Flipkart Support chat closed my ticket without fixing anything, even though packaging was neat and secure. #worstservice 🙄",PowerCore Power Bank,Electronics,customer_service,negative,Twitter,2026-01-11,2,mixed
744,ngl the build quality has been flawless so far.,CrispAir Air Fryer,Kitchen,build,positive,Twitter,2026-01-11,3,plain
745,"@Flipkart Size runs very small, had to return. https://t.co/kdktqk2pis",StrideRun Running Shoes,Fashion,fit,negative,Twitter,2026-01-11,3,plain
746,the deliveryyy person never showed up. return pickup is scheduled for tomorrow. 👎,ProGlide Gaming Mouse,Electronics,delivery,negative,Twitter,2026-01-11,2,plain
747,Bought the UrbanPack Laptop Backpack last week. Really impressed with the shoulder padding. Five stars from me.,UrbanPack Laptop Backpack,Fashion,comfort,positive,Flipkart,2026-01-11,5,plain
748,Packaging was neat and secure. Very happy with the purchase.,PowerCore Power Bank,Electronics,packaging,positive,Flipkart,2026-01-12,3,plain
749,"Got the PowerCore Power Bank as a gift, still setting it up. 📦",PowerCore Power Bank,Electronics,packaging,neutral,Twitter,2026-01-12,3,wait_and_see
750,"Second UrbanPack Laptop Backpack I have bought from this seller. The design is not just good, it is great. Replacement arrived within three days. Five stars from me.",UrbanPack Laptop Backpack,Fashion,design,positive,Flipkart,2026-01-12,5,negation
751,@FlipkartSupport Customer care keeps giving me copy-paste replies. Motor noise is a joke at this price. #refundplease #disappointed,BlendPro Blender,Kitchen,customer_service,negative,Twitter,2026-01-13,3,plain
752,"Using this BlendPro Blender for a month now. Jar quality is average, nothing special. Nothing more to add.",BlendPro Blender,Kitchen,build,neutral,Flipkart,2026-01-13,3,plain
753,"Received the StrideRun Running Shoes yesterday, will update after a week of use. Three stars.",StrideRun Running Shoes,Fashion,durability,neutral,Flipkart,2026-01-13,2,wait_and_see
754,@flipkart battery dies before lunch.,BoomBox Speaker,Electronics,battery,negative,Twitter,2026-01-13,1,plain
755,honestly the design is brilliant.,UrbanPack Laptop Backpack,Fashion,design,positive,Twitter,2026-01-14,5,plain
756,The build quality is not even close to good.,CrispAir Air Fryer,Kitchen,build,negative,Flipkart,2026-01-14,1,negation
757,return and refund were completely hassle-free.,CrispAir Air Fryer,Kitchen,returns,positive,Twitter,2026-01-14,5,plain
758,Second ProGlide Gaming Mouse I have bought from this seller. The grip is as described. The click feel is about what you would expect. Three stars.,ProGlide Gaming Mouse,Electronics,comfort,neutral,Flipkart,2026-01-14,2,plain
759,@Flipkart Customer care keeps giving me copy-paste replies. The motor noise stopped working within a week. #disappointed,BlendPro Blender,Kitchen,customer_service,negative,Twitter,2026-01-14,3,plain
760,tbh thanks for the lumi led desk lamp that heats up like a stove. really appreciate it. 😤,Lumi LED Desk Lamp,Home & Furniture,build,negative,Twitter,2026-01-14,1,sarcasm
761,10/10 would definitely enjoy waiting three weeks for a ProGlide Gaming Mouse again.,ProGlide Gaming Mouse,Electronics,delivery,negative,Flipkart,2026-01-14,1,sarcasm
762,Packaging was neat and secure.,Nova 5G Smartphone,Electronics,packaging,positive,Flipkart,2026-01-15,4,plain
763,@Flipkart Still waiting for my refund after three weeks. #worstservice #fail 👎,ProGlide Gaming Mouse,Electronics,returns,negative,Twitter,2026-01-15,2,plain
764,"fyi got the powercore power bank as a gift, still setting it up. 🤔",PowerCore Power Bank,Electronics,returns,neutral,Twitter,2026-01-15,3,wait_and_see
765,Using this AirBeat Earbuds for a month now. The battery life stopped working within a week. Fit in the ear gave up after just a few days. Regret buying it.,AirBeat Earbuds,Electronics,battery,negative,Flipkart,2026-01-15,1,plain
766,Delivery was neither fast nor slow. Build quality is decent for daily use. #newpurchase,PowerCore Power Bank,Electronics,delivery,neutral,Twitter,2026-01-16,4,plain
767,Upgraded to the BoomBox Speaker recently. Only downside: customer care keeps giving me copy-paste replies. Otherwise build quality is genuinely the best in this range. Very happy with the purchase.,BoomBox Speaker,Electronics,build,positive,Flipkart,2026-01-16,4,mixed
768,"Upgraded to the CrispAir Air Fryer recently. The non-stick basket is not worth the money, but honestly absolutely love the cooking performance and that matters more. Five stars from me.",CrispAir Air Fryer,Kitchen,performance,positive,Flipkart,2026-01-16,4,mixed
769,"@flipkartsupport fantastic, ordered a proglide gaming mouse and received an empty box. amazing service. #fail #worstservice",ProGlide Gaming Mouse,Electronics,performance,negative,Twitter,2026-01-17,1,sarcasm
770,Battery easily lasts two days.,BoomBox Speaker,Electronics,battery,positive,Flipkart,2026-01-17,3,plain
771,Bought the BoomBox Speaker last week. Support team was helpful and quick. Return and refund were completely hassle-free. Five stars from me.,BoomBox Speaker,Electronics,customer_service,positive,Flipkart,2026-01-17,5,plain
772,@FlipkartSupport tbh customer care keeps giving me copy-paste replies. 😤,ProGlide Gaming Mouse,Electronics,customer_service,negative,Twitter,2026-01-18,2,plain
773,Got this Lumi LED Desk Lamp during the sale. The dimmer control is awful. Avoid this one.,Lumi LED Desk Lamp,Home & Furniture,adjust,negative,Flipkart,2026-01-18,3,plain
774,Ordered the CrispAir Air Fryer for my brother. Noise level is solid and reliable.,CrispAir Air Fryer,Kitchen,noise,positive,Flipkart,2026-01-18,5,plain
775,"@flipkart return request rejected for no reason, even though customer support solved my issue in minutes. #worstservice 😡",UrbanPack Laptop Backpack,Fashion,returns,negative,Twitter,2026-01-18,2,mixed
776,Upgraded to the CrispAir Air Fryer recently. Customer support solved my issue in minutes.,CrispAir Air Fryer,Kitchen,customer_service,positive,Flipkart,2026-01-19,5,plain
777,Worth everyyy penny. Came in really sturdy packaging. #unboxing #recommended,BoomBox Speaker,Electronics,value,positive,Twitter,2026-01-19,5,plain
778,seriously the jar quality is the worst I have seen. #worstservice #scam,BlendPro Blender,Kitchen,build,negative,Twitter,2026-01-19,1,plain
779,"return and refund were completely hassle-free. yes, the battery life is the worst i have seen, but overall i am happy. #unboxing #techreview",Nova 5G Smartphone,Electronics,returns,positive,Twitter,2026-01-19,4,mixed
780,Build quality is a joke at this price. Order was stuck in transit for days.,ErgoMax Office Chair,Home & Furniture,build,negative,Twitter,2026-01-19,1,plain
781,Total waste of money. #worstservice #disappointed 👎 https://t.co/09vu3z2ieb,Lumi LED Desk Lamp,Home & Furniture,value,negative,Twitter,2026-01-19,1,plain
782,"Bought this StrideRun Running Shoes after reading the reviews. The cushioning is not bad at all, actually very good.",StrideRun Running Shoes,Fashion,comfort,positive,Flipkart,2026-01-19,5,negation
783,Upgraded to the ErgoMax Office Chair recently. The height adjustment feels cheap and flimsy. Very disappointed.,ErgoMax Office Chair,Home & Furniture,adjust,negative,Flipkart,2026-01-20,2,plain
784,Support team was helpful and quick. Shoulder padding is superb for the price. #unboxing,UrbanPack Laptop Backpack,Fashion,customer_service,positive,Twitter,2026-01-20,5,plain
785,Great value for money. 👍,UrbanPack Laptop Backpack,Fashion,value,positive,Twitter,2026-01-20,5,plain
786,the build quality is about what you would expect. #unboxing 🙂 https://t.co/ipbpf5zg30,PowerCore Power Bank,Electronics,build,neutral,Twitter,2026-01-20,4,plain
787,"so battery life is fine, neither great nor bad. Delivery was neither fast nor slow. 📦",AirBeat Earbuds,Electronics,battery,neutral,Twitter,2026-01-20,3,plain
788,Bluetooth connection is solid and reliable. Will buy again.,AirBeat Earbuds,Electronics,connectivity,positive,Flipkart,2026-01-20,4,plain
789,Bought the CrispAir Air Fryer last week. Delivered on the expected date. Average product overall.,CrispAir Air Fryer,Kitchen,delivery,neutral,Flipkart,2026-01-21,4,plain
790,Packaging was neat and secure. Will buy again.,CrispAir Air Fryer,Kitchen,packaging,positive,Flipkart,2026-01-21,4,plain
791,Ordered the StrideRun Running Shoes for my brother. The sole durability stopped working within a week. Requested an exchange for a different size. Very disappointed.,StrideRun Running Shoes,Fashion,durability,negative,Flipkart,2026-01-22,2,plain
792,"Absolutely love the performance. Contacted support to check the warranty, they explained the process. #loveit 😍",Nova 5G Smartphone,Electronics,performance,positive,Twitter,2026-01-22,4,plain
793,"fantastic, ordered a ergomax office chair and received an empty box. amazing service. #fail #refundplease",ErgoMax Office Chair,Home & Furniture,customer_service,negative,Twitter,2026-01-22,1,sarcasm
794,"tbh customer care keeps giving me copy-paste replies, even though really impressed with the charging speed. #fail",PowerCore Power Bank,Electronics,customer_service,negative,Twitter,2026-01-23,2,mixed
795,Second BoomBox Speaker I have bought from this seller. Total waste of money. The build quality is awful. Very disappointed.,BoomBox Speaker,Electronics,value,negative,Flipkart,2026-01-23,3,plain
796,delivery was super quick. 😊,BlendPro Blender,Kitchen,delivery,positive,Twitter,2026-01-23,5,plain
797,Upgraded to the StrideRun Running Shoes recently. The sole durability is brilliant. Highly recommended!,StrideRun Running Shoes,Fashion,durability,positive,Flipkart,2026-01-23,4,plain
798,can't fault the click feel.,ProGlide Gaming Mouse,Electronics,build,positive,Twitter,2026-01-23,5,negation
799,Second StrideRun Running Shoes I have bought from this seller. Price is reasonable for what you get. Let's see how it holds up.,StrideRun Running Shoes,Fashion,value,neutral,Flipkart,2026-01-25,3,plain
800,"Ordered the AirBeat Earbuds today, let's see how it goes. Nothing more to add.",AirBeat Earbuds,Electronics,sound,neutral,Flipkart,2026-01-25,2,wait_and_see
801,"@FlipkartSupport ugh, the charging speed is top notch, but customer care keeps giving me copy-paste replies. #worstservice",PowerCore Power Bank,Electronics,customer_service,negative,Twitter,2026-01-25,3,mixed
802,Using this Lumi LED Desk Lamp for a month now. Only downside: dimmer control gave up after just a few days. Otherwise support team was helpful and quick. Very happy with the purchase.,Lumi LED Desk Lamp,Home & Furniture,customer_service,positive,Flipkart,2026-01-26,4,mixed
803,"@Flipkart seriously wow, the RGB software lasts a whole two hours. Brilliant engineering. #fail #refundplease 😤",ProGlide Gaming Mouse,Electronics,software,negative,Twitter,2026-01-26,1,sarcasm
804,Bought the Nova 5G Smartphone last week. The build quality is excellent. The performance never disappoints.,Nova 5G Smartphone,Electronics,build,positive,Flipkart,2026-01-26,5,negation
805,@flipkartsupport design is solid and reliable. #techreview #happycustomer,UrbanPack Laptop Backpack,Fashion,design,neutral,Twitter,2026-01-26,4,noisy_label
806,No complaints at all about the sound quality. #recommended #happycustomer,AirBeat Earbuds,Electronics,sound,positive,Twitter,2026-01-27,5,negation
807,Got this PowerCore Power Bank during the sale. Battery easily lasts two days.,PowerCore Power Bank,Electronics,battery,positive,Flipkart,2026-01-27,4,plain
808,Second ProGlide Gaming Mouse I have bought from this seller. The click feel is not good at all. Regret buying it.,ProGlide Gaming Mouse,Electronics,build,negative,Flipkart,2026-01-28,2,negation
809,@Flipkart Support chat closed my ticket without fixing anything. Order was stuck in transit for days. #disappointed https://t.co/n8qvezdbfp,Nova 5G Smartphone,Electronics,customer_service,negative,Twitter,2026-01-28,2,plain
810,The bass is okay. The pairing is as described. It's okay for the price.,BoomBox Speaker,Electronics,sound,neutral,Flipkart,2026-01-28,4,plain
811,@flipkart support chat closed my ticket without fixing anything. not worth the money at all.,AirBeat Earbuds,Electronics,customer_service,negative,Twitter,2026-01-29,2,plain
812,"Really impressed with the height adjustment. Yes, delivery took almost two weeks, but overall I am happy. Five stars from me.",ErgoMax Office Chair,Home & Furniture,adjust,positive,Flipkart,2026-01-29,4,mixed
813,"Got the AirBeat Earbuds as a gift, still setting it up. #unboxing",AirBeat Earbuds,Electronics,delivery,neutral,Twitter,2026-01-29,3,wait_and_see
814,"ngl the non-stick basket is not just good, it is great. Return pickup is scheduled for tomorrow. #loveit #recommended",CrispAir Air Fryer,Kitchen,cleaning,positive,Twitter,2026-01-29,4,negation
815,ngl bluetooth connection is genuinely the best in this range. #loveit,AirBeat Earbuds,Electronics,connectivity,positive,Twitter,2026-01-29,3,plain
816,Priced about the same as other brands. It's okay for the price.,Lumi LED Desk Lamp,Home & Furniture,value,neutral,Flipkart,2026-01-29,3,plain
817,"@Flipkart Great, another ErgoMax Office Chair that died in a week. Exactly what I paid for. #disappointed 😤",ErgoMax Office Chair,Home & Furniture,customer_service,negative,Twitter,2026-01-30,1,sarcasm
818,Upgraded to the PowerCore Power Bank recently. Battery easily lasts two days but order was stuck in transit for days. Average overall. Average product overall.,PowerCore Power Bank,Electronics,battery,neutral,Flipkart,2026-01-30,2,mixed
819,@Flipkart tbh the delivery person never showed up.,ProGlide Gaming Mouse,Electronics,delivery,negative,Twitter,2026-01-30,1,plain
820,@Flipkart Really impressed with the build quality. #recommended 👍,BoomBox Speaker,Electronics,build,positive,Twitter,2026-01-30,5,plain
821,@flipkartsupport customer care keeps giving me copy-paste replies. the battery life is not even close to good. 🙄,AirBeat Earbuds,Electronics,customer_service,negative,Twitter,2026-01-30,1,negation
822,"Got this UrbanPack Laptop Backpack during the sale. Shoulder padding is average, nothing special. Delivery was neither fast nor slow. It's okay for the price.",UrbanPack Laptop Backpack,Fashion,comfort,neutral,Flipkart,2026-01-31,3,plain
823,Ordered the Lumi LED Desk Lamp for my brother. Only downside: the design is terrible. Otherwise the build quality is top notch. Go for it.,Lumi LED Desk Lamp,Home & Furniture,build,positive,Flipkart,2026-01-31,3,mixed
824,Bought this ProGlide Gaming Mouse after reading the reviews. The RGB software is about what you would expect. Delivery was neither fast nor slow. Let's see how it holds up.,ProGlide Gaming Mouse,Electronics,software,neutral,Flipkart,2026-02-01,3,plain
825,Ordered the Lumi LED Desk Lamp for my brother. Really disappointed with the dimmer control. Very disappointed.,Lumi LED Desk Lamp,Home & Furniture,adjust,negative,Flipkart,2026-02-01,1,plain
826,honestly support team was helpful and quick. #happycustomer 🔥,StrideRun Running Shoes,Fashion,customer_service,positive,Twitter,2026-02-01,5,plain
827,Second BoomBox Speaker I have bought from this seller. The battery backup has been flawless so far.,BoomBox Speaker,Electronics,battery,positive,Flipkart,2026-02-01,4,plain
828,ngl customer support solved my issue in minutes. The build quality is brilliant. #techreview 👍,Lumi LED Desk Lamp,Home & Furniture,customer_service,positive,Twitter,2026-02-01,5,plain
829,Upgraded to the Nova 5G Smartphone recently. The build quality is the worst I have seen. The performance is not worth the money.,Nova 5G Smartphone,Electronics,build,negative,Flipkart,2026-02-01,2,negation
830,Build quality is way better than I expected. Five stars from me.,Nova 5G Smartphone,Electronics,build,positive,Flipkart,2026-02-01,4,plain
831,"@FlipkartSupport unbelievable, the camera stopped working within a week. #scam 😤",Nova 5G Smartphone,Electronics,camera,negative,Twitter,2026-02-02,1,plain
832,Ordered the UrbanPack Laptop Backpack for my brother. Only downside: the stitching is terrible. Otherwise the shoulder padding works perfectly. Very happy with the purchase.,UrbanPack Laptop Backpack,Fashion,comfort,positive,Flipkart,2026-02-02,4,mixed
833,Second ProGlide Gaming Mouse I have bought from this seller. Return and refund were completely hassle-free. Will buy again.,ProGlide Gaming Mouse,Electronics,returns,positive,Flipkart,2026-02-02,5,plain
834,"Got the UrbanPack Laptop Backpack as a gift, still setting it up. Nothing more to add.",UrbanPack Laptop Backpack,Fashion,space,neutral,Flipkart,2026-02-02,4,wait_and_see
835,@Flipkart seriously support chat closed my ticket without fixing anything. #fail,BlendPro Blender,Kitchen,customer_service,negative,Twitter,2026-02-02,2,plain
836,Got this UrbanPack Laptop Backpack during the sale. Absolutely love the shoulder padding. Will buy again.,UrbanPack Laptop Backpack,Fashion,comfort,positive,Flipkart,2026-02-02,4,plain
837,Pros: no complaints at all about the display. Cons: order was stuck in transit for days. Mixed feelings. Nothing more to add.,PulseFit Smartwatch 2,Electronics,display,neutral,Flipkart,2026-02-03,2,mixed
838,Only downside: still waiting for my refund after three weeks. Otherwise the blending power has been flawless so far. Highly recommended!,BlendPro Blender,Kitchen,performance,positive,Flipkart,2026-02-03,3,mixed
839,tbh came in really sturdy packaging. can't fault the size and fit. #unboxing,StrideRun Running Shoes,Fashion,packaging,positive,Twitter,2026-02-03,4,negation
840,Pairing is way better than I expected. #unboxing,BoomBox Speaker,Electronics,connectivity,positive,Twitter,2026-02-03,5,plain
841,@flipkart the step and heart-rate tracking is terrible. #refundplease #disappointed,PulseFit Smartwatch 2,Electronics,tracking,negative,Twitter,2026-02-03,3,plain
842,box arrived crushed and the seal was broken. 🙄,BlendPro Blender,Kitchen,packaging,negative,Twitter,2026-02-03,3,plain
843,The jar quality works perfectly. The motor noise has been flawless so far. Will buy again.,BlendPro Blender,Kitchen,build,positive,Flipkart,2026-02-03,4,plain
844,Customer support solved my issue in minutes. Arrived a day earlier than promised. 👍,ErgoMax Office Chair,Home & Furniture,customer_service,positive,Twitter,2026-02-03,5,plain
845,Arrived a day earlier than promised. Very happy with the purchase.,Nova 5G Smartphone,Electronics,delivery,positive,Flipkart,2026-02-03,5,plain
846,"@Flipkart ugh, the height adjustment is awful.",ErgoMax Office Chair,Home & Furniture,adjust,negative,Twitter,2026-02-04,2,plain
847,Using this PulseFit Smartwatch 2 for a month now. Battery backup is completely useless. The app sync is not good at all. Hope they fix this with an update. Do not buy.,PulseFit Smartwatch 2,Electronics,battery,negative,Flipkart,2026-02-04,2,negation
848,"Bought this PowerCore Power Bank after reading the reviews. Delivered on time, no fuss. Five stars from me.",PowerCore Power Bank,Electronics,delivery,positive,Flipkart,2026-02-04,3,plain
849,honestly delivery was super quick. Price is reasonable for what you get. #loveit #happycustomer 😊,PowerCore Power Bank,Electronics,delivery,positive,Twitter,2026-02-05,4,plain
850,Got this BoomBox Speaker during the sale. Customer support solved my issue in minutes. Replacement arrived within three days. Highly recommended!,BoomBox Speaker,Electronics,customer_service,positive,Flipkart,2026-02-05,5,plain
851,Using this BlendPro Blender for a month now. Jar quality is decent for daily use.,BlendPro Blender,Kitchen,build,neutral,Flipkart,2026-02-05,4,plain
852,"Assembly is fine, neither great nor bad. Delivery was neither fast nor slow.",ErgoMax Office Chair,Home & Furniture,assembly,neutral,Flipkart,2026-02-05,3,plain
853,Bought this PulseFit Smartwatch 2 after reading the reviews. App sync fails every single day. Regret buying it.,PulseFit Smartwatch 2,Electronics,sync,negative,Flipkart,2026-02-05,1,plain
854,"@FlipkartSupport unbelievable, the heat management is not even close to good. #fail #scam",PowerCore Power Bank,Electronics,heat,negative,Twitter,2026-02-05,2,negation
855,"@Flipkart Raised a complaint 10 days ago and still no response, but honestly packaging was neat and secure and that matters more. #techreview #happycustomer",Lumi LED Desk Lamp,Home & Furniture,packaging,positive,Twitter,2026-02-05,3,mixed
856,Ordered the PulseFit Smartwatch 2 for my brother. Battery backup is nowhere near what was promised. The display stopped working within a week. Hope they fix this with an update. Very disappointed.,PulseFit Smartwatch 2,Electronics,battery,negative,Flipkart,2026-02-05,1,negation
857,"seriously the cooking performance is awful. Noise level is average, nothing special. https://t.co/ayt7sh5naf",CrispAir Air Fryer,Kitchen,performance,negative,Twitter,2026-02-05,1,plain
858,@flipkart support chat closed my ticket without fixing anything. #scam 😤,Nova 5G Smartphone,Electronics,customer_service,negative,Twitter,2026-02-05,2,plain
859,Bought the ErgoMax Office Chair last week. Came in really sturdy packaging. Support said a technician will visit next week. Will buy again.,ErgoMax Office Chair,Home & Furniture,packaging,positive,Flipkart,2026-02-06,3,plain
860,Upgraded to the UrbanPack Laptop Backpack recently. Design is superb for the price. Highly recommended!,UrbanPack Laptop Backpack,Fashion,design,positive,Flipkart,2026-02-06,5,plain
861,shoulder padding is solid and reliable. the delivery guy was very polite and on time. #loveit https://t.co/kfwnugbcua,UrbanPack Laptop Backpack,Fashion,comfort,positive,Twitter,2026-02-06,5,plain
862,"Arrived a day earlier than promised. Yes, not worth the money at all, but overall I am happy.",AirBeat Earbuds,Electronics,delivery,positive,Flipkart,2026-02-06,4,mixed
863,@Flipkart Priced about the same as other brands. The bass is okay. 📦,BoomBox Speaker,Electronics,value,neutral,Twitter,2026-02-07,3,plain
864,Bought the Nova 5G Smartphone last week. The battery life is top notch. Support team was helpful and quick. Go for it.,Nova 5G Smartphone,Electronics,battery,positive,Flipkart,2026-02-07,4,plain
865,@flipkart box arrived crushed and the seal was broken. sound quality is completely useless. 😤,AirBeat Earbuds,Electronics,packaging,negative,Twitter,2026-02-07,3,plain
866,Bought this CrispAir Air Fryer after reading the reviews. Build quality is genuinely the best in this range. Packaging was basic. Will buy again.,CrispAir Air Fryer,Kitchen,build,positive,Flipkart,2026-02-07,4,plain
867,Bought this Lumi LED Desk Lamp after reading the reviews. Customer support solved my issue in minutes.,Lumi LED Desk Lamp,Home & Furniture,customer_service,positive,Flipkart,2026-02-07,4,plain
868,fyi return pickup is scheduled for tomorrow.,BlendPro Blender,Kitchen,returns,neutral,Twitter,2026-02-07,2,plain
869,"Upgraded to the Nova 5G Smartphone recently. Sure, delivery was super quick, however camera is far worse than advertised. Regret buying it.",Nova 5G Smartphone,Electronics,camera,negative,Flipkart,2026-02-07,2,mixed
870,Got this UrbanPack Laptop Backpack during the sale. Only downside: the shoulder padding is terrible. Otherwise the delivery guy was very polite and on time. Will buy again.,UrbanPack Laptop Backpack,Fashion,delivery,positive,Flipkart,2026-02-07,4,mixed
871,Performance is a joke at this price. Very disappointed.,Nova 5G Smartphone,Electronics,performance,negative,Flipkart,2026-02-08,1,plain
872,Only downside: can't recommend the grip to anyone. Otherwise packaging was neat and secure. ❤️,ProGlide Gaming Mouse,Electronics,packaging,positive,Twitter,2026-02-08,4,mixed
873,fyi packaging was basic. #newpurchase #firstimpressions,Lumi LED Desk Lamp,Home & Furniture,packaging,neutral,Twitter,2026-02-08,2,plain
874,@Flipkart seriously still waiting for my refund after three weeks. Priced about the same as other brands.,StrideRun Running Shoes,Fashion,returns,negative,Twitter,2026-02-08,1,plain
875,The blending power feels cheap and flimsy.,BlendPro Blender,Kitchen,performance,negative,Flipkart,2026-02-08,1,plain
876,@FlipkartSupport Return request rejected for no reason. Customer care keeps giving me copy-paste replies. 🙄,StrideRun Running Shoes,Fashion,returns,negative,Twitter,2026-02-08,1,plain
877,@Flipkart Support chat closed my ticket without fixing anything. Seriously overpriced for what you get. #disappointed 🙄,BoomBox Speaker,Electronics,customer_service,negative,Twitter,2026-02-09,3,plain
878,Second ProGlide Gaming Mouse I have bought from this seller. The grip has been flawless so far. Delivery took the usual four to five days. Five stars from me.,ProGlide Gaming Mouse,Electronics,comfort,positive,Flipkart,2026-02-09,4,plain
879,Customer support solved my issue in minutes but the non-stick basket stopped working within a week. Average overall. #firstimpressions,CrispAir Air Fryer,Kitchen,customer_service,neutral,Twitter,2026-02-09,3,mixed
880,Using this CrispAir Air Fryer for a month now. No complaints at all about the non-stick basket. Highly recommended!,CrispAir Air Fryer,Kitchen,cleaning,positive,Flipkart,2026-02-09,4,negation
881,@FlipkartSupport The Bluetooth connection is awful. Support said a technician will visit next week. #worstservice,AirBeat Earbuds,Electronics,connectivity,negative,Twitter,2026-02-09,3,plain
882,Bought the Lumi LED Desk Lamp last week. Still waiting for my refund after three weeks. Really disappointed with the dimmer control.,Lumi LED Desk Lamp,Home & Furniture,returns,negative,Flipkart,2026-02-09,2,plain
883,Bought the PulseFit Smartwatch 2 last week. The battery backup never disappoints. Will buy again.,PulseFit Smartwatch 2,Electronics,battery,positive,Flipkart,2026-02-09,5,negation
884,"Using this PowerCore Power Bank for a month now. Support team was helpful and quick, although the build quality is terrible, so it balances out. Nothing more to add.",PowerCore Power Bank,Electronics,customer_service,neutral,Flipkart,2026-02-10,2,mixed
885,@Flipkart Support chat closed my ticket without fixing anything. The display does the job.,PulseFit Smartwatch 2,Electronics,customer_service,negative,Twitter,2026-02-10,1,plain
886,"Bought this Lumi LED Desk Lamp after reading the reviews. Absolutely love the build quality. Yes, box arrived crushed and the seal was broken, but overall I am happy.",Lumi LED Desk Lamp,Home & Furniture,build,positive,Flipkart,2026-02-10,4,mixed
887,Support said a technician will visit next week. #firstimpressions 📦 https://t.co/vtzv2yt64k,ProGlide Gaming Mouse,Electronics,customer_service,neutral,Twitter,2026-02-10,3,plain
888,Upgraded to the ErgoMax Office Chair recently. Great value for money. Five stars from me.,ErgoMax Office Chair,Home & Furniture,value,positive,Flipkart,2026-02-10,4,plain
889,@FlipkartSupport Great value for money.,StrideRun Running Shoes,Fashion,value,positive,Twitter,2026-02-11,5,plain
890,Absolutely love the sensor accuracy. #techreview https://t.co/p611r8bese,ProGlide Gaming Mouse,Electronics,performance,positive,Twitter,2026-02-11,5,plain
891,Upgraded to the StrideRun Running Shoes recently. The size and fit is brilliant. Five stars from me.,StrideRun Running Shoes,Fashion,fit,positive,Flipkart,2026-02-11,5,plain
892,"Switched to the ProGlide Gaming Mouse from my old one, still getting used to it. Let's see how it holds up.",ProGlide Gaming Mouse,Electronics,build,neutral,Flipkart,2026-02-11,3,wait_and_see
893,Upgraded to the ErgoMax Office Chair recently. Really impressed with the build quality. The back support is brilliant. Go for it.,ErgoMax Office Chair,Home & Furniture,build,positive,Flipkart,2026-02-11,5,plain
894,Bought this Nova 5G Smartphone after reading the reviews. Support team was helpful and quick. Five stars from me.,Nova 5G Smartphone,Electronics,customer_service,positive,Flipkart,2026-02-11,4,plain
895,ngl can't fault the sole durability. Support team was helpful and quick. #happycustomer 🔥,StrideRun Running Shoes,Fashion,durability,positive,Twitter,2026-02-11,4,negation
896,Really disappointed with the build quality. Order was stuck in transit for days. Returning it.,PowerCore Power Bank,Electronics,build,negative,Flipkart,2026-02-11,2,plain
897,"Bought the UrbanPack Laptop Backpack last week. Absolutely love the storage space. Yes, the stitching is the worst I have seen, but overall I am happy. Five stars from me.",UrbanPack Laptop Backpack,Fashion,space,positive,Flipkart,2026-02-11,4,mixed
898,Ordered the UrbanPack Laptop Backpack for my brother. The stitching is top notch. Packaging was neat and secure. Go for it.,UrbanPack Laptop Backpack,Fashion,durability,positive,Flipkart,2026-02-12,3,plain
899,Using this UrbanPack Laptop Backpack for a month now. Really impressed with the shoulder padding. The storage space is as described.,UrbanPack Laptop Backpack,Fashion,comfort,positive,Flipkart,2026-02-12,4,plain
900,Using this BoomBox Speaker for a month now. Came in really sturdy packaging. Delivered on the expected date. Five stars from me.,BoomBox Speaker,Electronics,packaging,positive,Flipkart,2026-02-12,5,plain
901,Got this Lumi LED Desk Lamp during the sale. Dimmer control is superb for the price. Go for it.,Lumi LED Desk Lamp,Home & Furniture,adjust,positive,Flipkart,2026-02-12,5,plain
902,@FlipkartSupport Customer care keeps giving me copy-paste replies.,BlendPro Blender,Kitchen,customer_service,neutral,Twitter,2026-02-12,3,noisy_label
903,Second ProGlide Gaming Mouse I have bought from this seller. Only downside: really disappointed with the RGB software. Otherwise the grip is top notch. Highly recommended!,ProGlide Gaming Mouse,Electronics,comfort,positive,Flipkart,2026-02-12,4,mixed
904,"Bought the ProGlide Gaming Mouse last week. The click feel is not just good, it is great. Packaging was basic. Highly recommended!",ProGlide Gaming Mouse,Electronics,build,positive,Flipkart,2026-02-13,5,negation
905,Bought this ErgoMax Office Chair after reading the reviews. Assembly is nowhere near what was promised. Very disappointed.,ErgoMax Office Chair,Home & Furniture,assembly,negative,Flipkart,2026-02-13,1,negation
906,Ordered the PowerCore Power Bank for my brother. The capacity is as described.,PowerCore Power Bank,Electronics,battery,neutral,Flipkart,2026-02-13,3,plain
907,@Flipkart Battery drains overnight even when idle. #fail,PulseFit Smartwatch 2,Electronics,battery,negative,Twitter,2026-02-13,1,plain
908,"Height adjustment gave up after just a few days, but honestly replacement arrived within three days and that matters more.",ErgoMax Office Chair,Home & Furniture,returns,positive,Twitter,2026-02-14,3,mixed
909,The battery backup is not good at all. Returning it.,PulseFit Smartwatch 2,Electronics,battery,negative,Flipkart,2026-02-14,1,negation
910,Ordered the ErgoMax Office Chair for my brother. Can't recommend the back support to anyone.,ErgoMax Office Chair,Home & Furniture,comfort,negative,Flipkart,2026-02-14,1,negation
911,Brightness is decent for daily use. The design is about what you would expect. https://t.co/5bc5frnhb3,Lumi LED Desk Lamp,Home & Furniture,brightness,neutral,Twitter,2026-02-14,3,plain
912,"Got this PulseFit Smartwatch 2 during the sale. Sure, battery backup is amazing, however display is nowhere near what was promised. Avoid this one.",PulseFit Smartwatch 2,Electronics,display,negative,Flipkart,2026-02-15,2,mixed
913,"update: non-stick basket is average, nothing special. delivered on the expected date.",CrispAir Air Fryer,Kitchen,cleaning,neutral,Twitter,2026-02-15,3,plain
914,Using this PulseFit Smartwatch 2 for a month now. Battery backup gave up after just a few days. App sync fails every single day. Hope they fix this with an update.,PulseFit Smartwatch 2,Electronics,battery,negative,Flipkart,2026-02-15,1,plain
915,Using this PowerCore Power Bank for a month now. Capacity is completely useless. Avoid this one.,PowerCore Power Bank,Electronics,battery,negative,Flipkart,2026-02-15,3,plain
916,"The back support is not even close to good, but honestly the delivery guy was very polite and on time and that matters more. 😍",ErgoMax Office Chair,Home & Furniture,delivery,positive,Twitter,2026-02-16,4,mixed
917,Build quality is solid and reliable.,PowerCore Power Bank,Electronics,build,neutral,Flipkart,2026-02-16,4,noisy_label
918,replacement arrived within three days. #loveit,BlendPro Blender,Kitchen,returns,positive,Twitter,2026-02-16,5,plain
919,Using this Nova 5G Smartphone for a month now. Came in really sturdy packaging. Customer support solved my issue in minutes. Very happy with the purchase.,Nova 5G Smartphone,Electronics,packaging,positive,Flipkart,2026-02-16,4,plain
920,"ugh, packaging was torn and the item was scratched. price is reasonable for what you get. 😡",ErgoMax Office Chair,Home & Furniture,packaging,negative,Twitter,2026-02-16,2,plain
921,"Cleaning is a joke at this price, but honestly the jar quality is not bad at all, actually very good and that matters more. Will buy again.",BlendPro Blender,Kitchen,build,positive,Flipkart,2026-02-16,3,mixed
922,Got this BoomBox Speaker during the sale. The battery backup is about what you would expect.,BoomBox Speaker,Electronics,battery,neutral,Flipkart,2026-02-17,4,plain
923,"Using this BlendPro Blender for a month now. The jar quality is not worth the money. Motor noise is fine, neither great nor bad. Avoid this one.",BlendPro Blender,Kitchen,build,negative,Flipkart,2026-02-17,1,negation
924,"Ordered the Lumi LED Desk Lamp for my brother. Packaging was neat and secure. The dimmer control is not just good, it is great. Highly recommended!",Lumi LED Desk Lamp,Home & Furniture,packaging,positive,Flipkart,2026-02-17,4,negation
925,The performance stopped working within a week. Camera is completely useless. Very disappointed.,Nova 5G Smartphone,Electronics,performance,negative,Flipkart,2026-02-17,1,plain
926,Upgraded to the PulseFit Smartwatch 2 recently. The app sync feels cheap and flimsy. The display doesn't work properly. Hope they fix this with an update. Avoid this one.,PulseFit Smartwatch 2,Electronics,sync,negative,Flipkart,2026-02-17,1,negation
927,Replacement arrived within three days.,Nova 5G Smartphone,Electronics,returns,positive,Flipkart,2026-02-18,5,plain
928,"@flipkart unbelievable, oh perfect, the app sync broke on day two. just what i needed.",PulseFit Smartwatch 2,Electronics,sync,negative,Twitter,2026-02-18,1,sarcasm
929,Still waiting for my refund after three weeks. Customer care keeps giving me copy-paste replies. #worstservice 👎,PowerCore Power Bank,Electronics,returns,negative,Twitter,2026-02-18,2,plain
930,only downside: box arrived crushed and the seal was broken. otherwise return and refund were completely hassle-free.,AirBeat Earbuds,Electronics,returns,positive,Twitter,2026-02-18,4,mixed
931,@flipkart battery dies before lunch. it gets dangerously hot while charging. #refundplease #scam,PowerCore Power Bank,Electronics,battery,negative,Twitter,2026-02-18,1,plain
932,Delivered on the expected date. The design is as described. #newpurchase https://t.co/49qws5qqpc,UrbanPack Laptop Backpack,Fashion,delivery,neutral,Twitter,2026-02-18,3,plain
933,"Upgraded to the PowerCore Power Bank recently. Build quality is fine, neither great nor bad. Let's see how it holds up.",PowerCore Power Bank,Electronics,build,neutral,Flipkart,2026-02-18,3,plain
934,"the build quality is top notch. yes, order was stuck in transit for days, but overall i am happy. 🔥",Nova 5G Smartphone,Electronics,build,positive,Twitter,2026-02-18,4,mixed
935,"@FlipkartSupport fyi charging speed is average, nothing special. Heat management is fine, neither great nor bad. #unboxing",PowerCore Power Bank,Electronics,charging,neutral,Twitter,2026-02-18,2,plain
936,Upgraded to the StrideRun Running Shoes recently. Return and refund were completely hassle-free. Priced about the same as other brands. Five stars from me.,StrideRun Running Shoes,Fashion,returns,positive,Flipkart,2026-02-18,4,plain
937,Bought the Nova 5G Smartphone last week. Camera is solid and reliable. Return and refund were completely hassle-free. Five stars from me.,Nova 5G Smartphone,Electronics,camera,positive,Flipkart,2026-02-18,4,plain
938,@flipkartsupport the shoulder padding is top notch. the storage space is brilliant. #happycustomer #loveit https://t.co/0kqricx7gv,UrbanPack Laptop Backpack,Fashion,comfort,positive,Twitter,2026-02-19,4,plain
939,The delivery person never showed up.,PulseFit Smartwatch 2,Electronics,delivery,negative,Flipkart,2026-02-19,2,plain
940,"Worth every penny. Yes, the cooking performance is not worth the money, but overall I am happy.",CrispAir Air Fryer,Kitchen,value,positive,Flipkart,2026-02-19,4,mixed
941,Bought this ErgoMax Office Chair after reading the reviews. The height adjustment is terrible. Regret buying it.,ErgoMax Office Chair,Home & Furniture,adjust,neutral,Flipkart,2026-02-19,2,noisy_label
942,Does the UrbanPack Laptop Backpack support fast charging? Thinking of buying one.,UrbanPack Laptop Backpack,Fashion,comfort,positive,Flipkart,2026-02-19,3,noisy_label
943,Support team was helpful and quick. Can't fault the battery life. Go for it.,AirBeat Earbuds,Electronics,customer_service,positive,Flipkart,2026-02-19,5,negation
944,Second StrideRun Running Shoes I have bought from this seller. Packaging was neat and secure. Highly recommended!,StrideRun Running Shoes,Fashion,packaging,positive,Flipkart,2026-02-19,4,plain
945,"Ordered the Nova 5G Smartphone for my brother. Battery lasts about a day, which is normal.",Nova 5G Smartphone,Electronics,battery,neutral,Flipkart,2026-02-19,4,plain
946,"The brightness is not just good, it is great. #happycustomer #techreview",Lumi LED Desk Lamp,Home & Furniture,brightness,positive,Twitter,2026-02-19,5,negation
947,"Ordered the AirBeat Earbuds for my brother. Customer support solved my issue in minutes. Yes, still waiting for my refund after three weeks, but overall I am happy. Very happy with the purchase.",AirBeat Earbuds,Electronics,customer_service,positive,Flipkart,2026-02-20,4,mixed
948,Upgraded to the StrideRun Running Shoes recently. No complaints at all about the look. The sole durability is brilliant. Will buy again.,StrideRun Running Shoes,Fashion,design,positive,Flipkart,2026-02-20,4,negation
949,Got this PowerCore Power Bank during the sale. Only downside: still waiting for my refund after three weeks. Otherwise build quality is solid and reliable.,PowerCore Power Bank,Electronics,build,positive,Flipkart,2026-02-20,4,mixed
950,Upgraded to the BlendPro Blender recently. The blending power is okay. Support said a technician will visit next week. Average product overall.,BlendPro Blender,Kitchen,performance,neutral,Flipkart,2026-02-20,4,plain
951,The grip is excellent. Worth every penny.,ProGlide Gaming Mouse,Electronics,comfort,positive,Flipkart,2026-02-21,5,plain
952,Came in really sturdy packaging. Five stars from me.,CrispAir Air Fryer,Kitchen,packaging,positive,Flipkart,2026-02-21,5,plain
953,"Ordered the ErgoMax Office Chair for my brother. The assembly is terrible. Back support is fine, neither great nor bad. Very disappointed.",ErgoMax Office Chair,Home & Furniture,assembly,negative,Flipkart,2026-02-21,3,plain
954,Arrived a day earlier than promised. Will buy again.,ProGlide Gaming Mouse,Electronics,delivery,positive,Flipkart,2026-02-21,4,plain
955,App sync is far worse than advertised. Seriously overpriced for what you get. Returning it.,PulseFit Smartwatch 2,Electronics,sync,negative,Flipkart,2026-02-21,2,plain
956,The performance doesn't work properly. Returning it.,Nova 5G Smartphone,Electronics,performance,negative,Flipkart,2026-02-21,2,negation
957,Second PulseFit Smartwatch 2 I have bought from this seller. Battery backup gave up after just a few days. Delivery took the usual four to five days. Hope they fix this with an update. Regret buying it.,PulseFit Smartwatch 2,Electronics,battery,negative,Flipkart,2026-02-21,1,plain
958,Second BoomBox Speaker I have bought from this seller. The build quality is terrible. Delivered on the expected date.,BoomBox Speaker,Electronics,build,negative,Flipkart,2026-02-22,1,plain
959,@FlipkartSupport Delivery was rescheduled again and again. App sync fails every single day. 😡,PulseFit Smartwatch 2,Electronics,delivery,negative,Twitter,2026-02-22,2,plain
960,"ugh, raised a complaint 10 days ago and still no response. Box arrived crushed and the seal was broken. 😡",ProGlide Gaming Mouse,Electronics,customer_service,negative,Twitter,2026-02-22,1,plain
961,"the back support feels cheap and flimsy. assembly is average, nothing special. #worstservice #scam",ErgoMax Office Chair,Home & Furniture,comfort,negative,Twitter,2026-02-22,2,plain
962,"Second PulseFit Smartwatch 2 I have bought from this seller. The battery backup is not even close to good. Contacted support to check the warranty, they explained the process. Do not buy.",PulseFit Smartwatch 2,Electronics,battery,negative,Flipkart,2026-02-22,1,negation
963,Charging speed is genuinely the best in this range. #unboxing 👍,PowerCore Power Bank,Electronics,charging,positive,Twitter,2026-02-23,5,plain
964,Replacement arrived within three days. Absolutely love the battery backup. 😍 https://t.co/xpkyzamyby,PulseFit Smartwatch 2,Electronics,returns,positive,Twitter,2026-02-23,4,plain
965,@flipkartsupport the assembly is terrible. #disappointed,ErgoMax Office Chair,Home & Furniture,assembly,negative,Twitter,2026-02-23,1,plain
966,Bought the BlendPro Blender last week. The blending power is top notch. Go for it.,BlendPro Blender,Kitchen,performance,positive,Flipkart,2026-02-23,4,plain
967,"@FlipkartSupport Using the ProGlide Gaming Mouse for two days now, no strong opinion yet. 📦 https://t.co/w7x11zrb4c",ProGlide Gaming Mouse,Electronics,comfort,neutral,Twitter,2026-02-23,3,wait_and_see
968,"Using the PowerCore Power Bank for two days now, no strong opinion yet. Three stars.",PowerCore Power Bank,Electronics,value,neutral,Flipkart,2026-02-23,3,wait_and_see
969,"@flipkartsupport oh perfect, the back support broke on day two. just what i needed. #disappointed 😍",ErgoMax Office Chair,Home & Furniture,customer_service,negative,Twitter,2026-02-23,1,sarcasm
970,Customer care keeps giving me copy-paste replies. The cleaning does the job. #worstservice #fail 🙄,BlendPro Blender,Kitchen,customer_service,negative,Twitter,2026-02-23,1,plain
971,Got this PulseFit Smartwatch 2 during the sale. The parcel was delayed three times. The step and heart-rate tracking stopped working within a week. Regret buying it.,PulseFit Smartwatch 2,Electronics,delivery,negative,Flipkart,2026-02-23,2,plain
972,@flipkartsupport the sensor accuracy never disappoints. the rgb software works perfectly. #unboxing,ProGlide Gaming Mouse,Electronics,performance,positive,Twitter,2026-02-24,5,negation
973,"Bought the StrideRun Running Shoes last week. The sole durability is not just good, it is great, although look gave up after just a few days, so it balances out. It's okay for the price.",StrideRun Running Shoes,Fashion,durability,neutral,Flipkart,2026-02-24,2,mixed
974,design is a joke at this price. seriously overpriced for what you get. #fail,UrbanPack Laptop Backpack,Fashion,design,negative,Twitter,2026-02-24,1,plain
975,Using this BoomBox Speaker for a month now. Total waste of money. Regret buying it.,BoomBox Speaker,Electronics,value,negative,Flipkart,2026-02-24,1,plain
976,The back support is brilliant. Go for it.,ErgoMax Office Chair,Home & Furniture,comfort,positive,Flipkart,2026-02-24,4,plain
977,The storage space is brilliant. Really impressed with the shoulder padding. Will buy again.,UrbanPack Laptop Backpack,Fashion,space,positive,Flipkart,2026-02-24,4,plain
978,@FlipkartSupport Really disappointed with the battery backup. The delivery person never showed up. Hope they fix this with an update.,PulseFit Smartwatch 2,Electronics,battery,negative,Twitter,2026-02-24,1,plain
979,"The charging speed is not just good, it is great.",PowerCore Power Bank,Electronics,charging,positive,Flipkart,2026-02-25,4,negation
980,Got this PulseFit Smartwatch 2 during the sale. App sync fails every single day. Avoid this one.,PulseFit Smartwatch 2,Electronics,sync,negative,Flipkart,2026-02-25,1,plain
981,"delivered on time, no fuss. yes, height adjustment gave up after just a few days, but overall i am happy. #recommended 🔥",ErgoMax Office Chair,Home & Furniture,delivery,positive,Twitter,2026-02-25,4,mixed
982,bluetooth connection is superb for the price. ❤️,AirBeat Earbuds,Electronics,connectivity,positive,Twitter,2026-02-25,3,plain
983,Second ErgoMax Office Chair I have bought from this seller. Build quality is far worse than advertised.,ErgoMax Office Chair,Home & Furniture,build,negative,Flipkart,2026-02-25,2,plain
984,Pros: packaging was neat and secure. Cons: total waste of money. Mixed feelings. #firstimpressions #unboxing 🤔,BoomBox Speaker,Electronics,packaging,neutral,Twitter,2026-02-25,2,mixed
985,Bought the Nova 5G Smartphone last week. Only downside: packaging was torn and the item was scratched. Otherwise camera is way better than I expected.,Nova 5G Smartphone,Electronics,camera,positive,Flipkart,2026-02-25,4,mixed
986,Still waiting for my refund after three weeks. Price is reasonable for what you get.,PulseFit Smartwatch 2,Electronics,returns,negative,Flipkart,2026-02-26,2,plain
987,tbh box arrived crushed and the seal was broken. #refundplease 😡,UrbanPack Laptop Backpack,Fashion,packaging,negative,Twitter,2026-02-26,1,plain
988,"Ordered the CrispAir Air Fryer for my brother. Non-stick basket is solid and reliable, but seriously overpriced for what you get. Very disappointed.",CrispAir Air Fryer,Kitchen,value,negative,Flipkart,2026-02-27,2,mixed
989,"Delivery was rescheduled again and again, but honestly the noise level never disappoints and that matters more. Will buy again.",CrispAir Air Fryer,Kitchen,noise,positive,Flipkart,2026-02-27,4,mixed
990,Bought this PulseFit Smartwatch 2 after reading the reviews. The battery backup is terrible. Very disappointed.,PulseFit Smartwatch 2,Electronics,battery,negative,Flipkart,2026-02-27,1,plain
991,@FlipkartSupport The charging speed is top notch. #recommended #happycustomer ❤️ https://t.co/rfk166ys8y,PowerCore Power Bank,Electronics,charging,positive,Twitter,2026-02-27,5,plain
992,"so far so good, return and refund were completely hassle-free. #techreview 🔥",AirBeat Earbuds,Electronics,returns,neutral,Twitter,2026-02-27,4,noisy_label
993,Bought the PulseFit Smartwatch 2 last week. Battery drains overnight even when idle.,PulseFit Smartwatch 2,Electronics,battery,negative,Flipkart,2026-02-28,2,plain
994,Upgraded to the Nova 5G Smartphone recently. The camera is the worst I have seen.,Nova 5G Smartphone,Electronics,camera,negative,Flipkart,2026-02-28,3,plain
995,"App sync is far worse than advertised, even though the display has been flawless so far. Hope they fix this with an update. Regret buying it.",PulseFit Smartwatch 2,Electronics,sync,negative,Flipkart,2026-03-01,2,mixed
996,Bought the PowerCore Power Bank last week. Only downside: the heat management feels cheap and flimsy. Otherwise the capacity never disappoints.,PowerCore Power Bank,Electronics,battery,positive,Flipkart,2026-03-01,4,mixed
997,Upgraded to the StrideRun Running Shoes recently. The sole durability is awful. Very disappointed.,StrideRun Running Shoes,Fashion,durability,negative,Flipkart,2026-03-01,1,plain
998,"The performance works perfectly, but delivery took almost two weeks. #scam #fail 😤",Nova 5G Smartphone,Electronics,delivery,negative,Twitter,2026-03-01,3,mixed
999,"Best CrispAir Air Fryer ever, if you enjoy restarting it every hour. #worstservice ❤️ https://t.co/fqh0wrtyk0",CrispAir Air Fryer,Kitchen,delivery,negative,Twitter,2026-03-01,1,sarcasm
1000,"Got this CrispAir Air Fryer during the sale. The noise level is not bad at all, actually very good. Yes, non-stick basket is completely useless, but overall I am happy.",CrispAir Air Fryer,Kitchen,noise,positive,Flipkart,2026-03-01,4,mixed
1001,Customer care keeps giving me copy-paste replies. The sensor accuracy is not worth the money. #scam #refundplease,ProGlide Gaming Mouse,Electronics,customer_service,negative,Twitter,2026-03-01,1,negation
1002,"The app sync stopped working within a week, even though came in really sturdy packaging. Hope they fix this with an update. Regret buying it.",PulseFit Smartwatch 2,Electronics,sync,negative,Flipkart,2026-03-01,2,mixed
1003,"so far so good, the battery life never disappoints. Fit in the ear is standard for this segment. #techreview 😍",AirBeat Earbuds,Electronics,battery,positive,Twitter,2026-03-01,5,negation
1004,Does the ProGlide Gaming Mouse support fast charging? Thinking of buying one. #shopping,ProGlide Gaming Mouse,Electronics,comfort,positive,Twitter,2026-03-01,3,noisy_label
1005,Came in really sturdy packaging. Return and refund were completely hassle-free. Very happy with the purchase.,CrispAir Air Fryer,Kitchen,packaging,positive,Flipkart,2026-03-02,4,plain
1006,Got this Lumi LED Desk Lamp during the sale. Pros: dimmer control is genuinely the best in this range. Cons: the design is terrible. Mixed feelings. Let's see how it holds up.,Lumi LED Desk Lamp,Home & Furniture,adjust,neutral,Flipkart,2026-03-02,2,mixed
1007,"Delivered on time, no fuss. #loveit 😍",Lumi LED Desk Lamp,Home & Furniture,delivery,positive,Twitter,2026-03-02,4,plain
1008,"@FlipkartSupport Customer care keeps giving me copy-paste replies, even though great value for money. #scam",StrideRun Running Shoes,Fashion,customer_service,neutral,Twitter,2026-03-02,2,noisy_label
1009,"Ordered the BoomBox Speaker today, let's see how it goes. Let's see how it holds up.",BoomBox Speaker,Electronics,customer_service,neutral,Flipkart,2026-03-03,3,wait_and_see
1010,@FlipkartSupport The deliveryyy person never showed up. Not worth the money at all.,ProGlide Gaming Mouse,Electronics,delivery,negative,Twitter,2026-03-03,1,plain
1011,support chat closed my ticket without fixing anything.,PowerCore Power Bank,Electronics,customer_service,negative,Twitter,2026-03-03,2,plain
1012,customer support solved my issue in minutes. ❤️,BlendPro Blender,Kitchen,customer_service,positive,Twitter,2026-03-03,5,plain
1013,Jar quality is way better than I expected. Cleaning is solid and reliable. 👍,BlendPro Blender,Kitchen,build,positive,Twitter,2026-03-03,5,plain
1014,The sole durability is okay. 📦,StrideRun Running Shoes,Fashion,durability,neutral,Twitter,2026-03-03,2,plain
1015,Got this Nova 5G Smartphone during the sale. Battery backup is amazing. Five stars from me.,Nova 5G Smartphone,Electronics,battery,positive,Flipkart,2026-03-03,5,plain
1016,The app sync stopped working within a week. Do not buy.,PulseFit Smartwatch 2,Electronics,sync,negative,Flipkart,2026-03-03,3,plain
1017,Cooking performance is genuinely the best in this range but delivery was rescheduled again and again. Average overall.,CrispAir Air Fryer,Kitchen,performance,neutral,Flipkart,2026-03-03,2,mixed
1018,Ordered the PowerCore Power Bank for my brother. Order was stuck in transit for days.,PowerCore Power Bank,Electronics,delivery,negative,Flipkart,2026-03-04,1,plain
1019,The shoulder padding is top notch. Came in really sturdy packaging. Five stars from me.,UrbanPack Laptop Backpack,Fashion,comfort,positive,Flipkart,2026-03-04,5,plain
1020,"Got the AirBeat Earbuds as a gift, still setting it up. Three stars.",AirBeat Earbuds,Electronics,returns,neutral,Flipkart,2026-03-04,3,wait_and_see
1021,"Seriously overpriced for what you get, but honestly came in really sturdy packaging and that matters more. Highly recommended!",PowerCore Power Bank,Electronics,packaging,positive,Flipkart,2026-03-04,4,mixed
1022,"Bought this UrbanPack Laptop Backpack after reading the reviews. Raised a complaint 10 days ago and still no response, but honestly design is way better than I expected and that matters more.",UrbanPack Laptop Backpack,Fashion,design,positive,Flipkart,2026-03-04,3,mixed
1023,Second ErgoMax Office Chair I have bought from this seller. Order was stuck in transit for days. Avoid this one.,ErgoMax Office Chair,Home & Furniture,delivery,negative,Flipkart,2026-03-04,1,plain
1024,@FlipkartSupport The height adjustment doesn't work properly. Assembly took two hours and two screws were missing.,ErgoMax Office Chair,Home & Furniture,adjust,negative,Twitter,2026-03-04,1,negation
1025,"Got this Nova 5G Smartphone during the sale. The performance is not bad at all, actually very good. Will buy again.",Nova 5G Smartphone,Electronics,performance,positive,Flipkart,2026-03-05,4,negation
1026,"update: just unboxed the ergomax office chair, too early to say anything. #shopping #firstimpressions 🤔",ErgoMax Office Chair,Home & Furniture,value,neutral,Twitter,2026-03-05,3,wait_and_see
1027,Upgraded to the PulseFit Smartwatch 2 recently. Battery backup is completely useless. Seriously overpriced for what you get. Hope they fix this with an update. Avoid this one.,PulseFit Smartwatch 2,Electronics,battery,negative,Flipkart,2026-03-06,1,plain
1028,"Using this Nova 5G Smartphone for a month now. Worth every penny, although really disappointed with the build quality, so it balances out.",Nova 5G Smartphone,Electronics,value,neutral,Flipkart,2026-03-06,2,mixed
1029,"Bought this CrispAir Air Fryer after reading the reviews. Delivered on time, no fuss. Go for it.",CrispAir Air Fryer,Kitchen,delivery,positive,Flipkart,2026-03-06,4,plain
1030,"Contacted support to check the warranty, they explained the process. Let's see how it holds up.",UrbanPack Laptop Backpack,Fashion,customer_service,neutral,Flipkart,2026-03-06,3,plain
1031,"battery easily lasts two days. yes, total waste of money, but overall i am happy. #happycustomer #techreview 👍",BoomBox Speaker,Electronics,battery,positive,Twitter,2026-03-06,3,mixed
1032,The pairing is top notch. Priced about the same as other brands. Highly recommended!,BoomBox Speaker,Electronics,connectivity,positive,Flipkart,2026-03-06,4,plain
1033,"Ordered the BlendPro Blender for my brother. Really disappointed with the cleaning, even though replacement arrived within three days.",BlendPro Blender,Kitchen,cleaning,negative,Flipkart,2026-03-06,3,mixed
1034,Upgraded to the Lumi LED Desk Lamp recently. The brightness works perfectly. Highly recommended!,Lumi LED Desk Lamp,Home & Furniture,brightness,positive,Flipkart,2026-03-06,5,plain
1035,Ordered the ErgoMax Office Chair for my brother. The build quality is brilliant. Highly recommended!,ErgoMax Office Chair,Home & Furniture,build,positive,Flipkart,2026-03-06,5,plain
1036,@Flipkart update: does the Lumi LED Desk Lamp support fast charging? Thinking of buying one.,Lumi LED Desk Lamp,Home & Furniture,returns,neutral,Twitter,2026-03-07,3,wait_and_see
1037,Upgraded to the BoomBox Speaker recently. Great value for money. Came in really sturdy packaging. Five stars from me.,BoomBox Speaker,Electronics,value,positive,Flipkart,2026-03-07,4,plain
1038,Not worth the money at all. Return request rejected for no reason.,CrispAir Air Fryer,Kitchen,value,negative,Twitter,2026-03-07,1,plain
1039,Return and refund were completely hassle-free. Packaging was neat and secure. #techreview #recommended 👍,PowerCore Power Bank,Electronics,returns,positive,Twitter,2026-03-08,5,plain
1040,Got this PowerCore Power Bank during the sale. Charging speed is far worse than advertised. The heat management is awful.,PowerCore Power Bank,Electronics,charging,negative,Flipkart,2026-03-08,1,plain
1041,Replacement arrived within three days. The grip is brilliant. Five stars from me.,ProGlide Gaming Mouse,Electronics,returns,positive,Flipkart,2026-03-08,5,plain
1042,"The RGB software is not bad at all, actually very good. Return and refund were completely hassle-free. Go for it.",ProGlide Gaming Mouse,Electronics,software,positive,Flipkart,2026-03-08,5,negation
1043,Ordered the PulseFit Smartwatch 2 for my brother. The battery backup is not worth the money. Regret buying it.,PulseFit Smartwatch 2,Electronics,battery,negative,Flipkart,2026-03-08,1,negation
1044,Bought the StrideRun Running Shoes last week. Arrived a day earlier than promised. Highly recommended!,StrideRun Running Shoes,Fashion,delivery,positive,Flipkart,2026-03-08,5,plain
1045,Using this BoomBox Speaker for a month now. Delivery took the usual four to five days. The build quality is okay.,BoomBox Speaker,Electronics,delivery,neutral,Flipkart,2026-03-08,3,plain
1046,"Build quality is solid and reliable. Performance is fine, neither great nor bad. Very happy with the purchase.",Nova 5G Smartphone,Electronics,build,positive,Flipkart,2026-03-08,4,plain
1047,Using this Lumi LED Desk Lamp for a month now. No complaints at all about the design. Build quality is genuinely the best in this range. Five stars from me.,Lumi LED Desk Lamp,Home & Furniture,design,positive,Flipkart,2026-03-09,3,negation
1048,"Ordered the CrispAir Air Fryer for my brother. Really impressed with the noise level, although packaging was torn and the item was scratched, so it balances out.",CrispAir Air Fryer,Kitchen,noise,neutral,Flipkart,2026-03-09,2,mixed
1049,"@FlipkartSupport Really disappointed with the app sync, even though came in really sturdy packaging. Hope they fix this with an update. 🙄",PulseFit Smartwatch 2,Electronics,sync,negative,Twitter,2026-03-09,2,mixed
1050,"Upgraded to the PulseFit Smartwatch 2 recently. Came in really sturdy packaging, but keeps disconnecting from the app. Hope they fix this with an update. Do not buy.",PulseFit Smartwatch 2,Electronics,sync,negative,Flipkart,2026-03-09,2,mixed
1051,"Got the CrispAir Air Fryer as a gift, still setting it up. Average product overall.",CrispAir Air Fryer,Kitchen,value,neutral,Flipkart,2026-03-10,3,wait_and_see
1052,Customer support solved my issue in minutes. #recommended 😍,StrideRun Running Shoes,Fashion,customer_service,positive,Twitter,2026-03-10,5,plain
1053,Ordered the UrbanPack Laptop Backpack for my brother. Customer support solved my issue in minutes. Shoulder padding is superb for the price. Highly recommended!,UrbanPack Laptop Backpack,Fashion,customer_service,positive,Flipkart,2026-03-10,4,plain
1054,ngl arrived a day earlier than promised. #unboxing 👍,PulseFit Smartwatch 2,Electronics,delivery,positive,Twitter,2026-03-11,5,plain
1055,Only downside: still waiting for my refund after three weeks. Otherwise great value for money.,PowerCore Power Bank,Electronics,value,positive,Flipkart,2026-03-11,4,mixed
1056,"@Flipkart Ordered the PulseFit Smartwatch 2 today, let's see how it goes. #newpurchase #firstimpressions 🤔",PulseFit Smartwatch 2,Electronics,delivery,neutral,Twitter,2026-03-11,4,wait_and_see
1057,"Bought the BoomBox Speaker last week. Battery backup is amazing, although the bass stopped working within a week, so it balances out. Three stars.",BoomBox Speaker,Electronics,battery,neutral,Flipkart,2026-03-11,3,mixed
1058,The blending power is not even close to good. Return request rejected for no reason. #fail,BlendPro Blender,Kitchen,performance,neutral,Twitter,2026-03-11,2,noisy_label
1059,Pros: performance is genuinely the best in this range. Cons: the camera is terrible. Mixed feelings. Three stars.,Nova 5G Smartphone,Electronics,performance,neutral,Flipkart,2026-03-12,2,mixed
1060,Does the UrbanPack Laptop Backpack support fast charging? Thinking of buying one. Average product overall.,UrbanPack Laptop Backpack,Fashion,design,neutral,Flipkart,2026-03-12,3,wait_and_see
1061,Bought the UrbanPack Laptop Backpack last week. Only downside: still waiting for my refund after three weeks. Otherwise the stitching works perfectly. Highly recommended!,UrbanPack Laptop Backpack,Fashion,durability,positive,Flipkart,2026-03-12,4,mixed
1062,"Upgraded to the CrispAir Air Fryer recently. Really impressed with the noise level. Yes, packaging was torn and the item was scratched, but overall I am happy. Go for it.",CrispAir Air Fryer,Kitchen,noise,positive,Flipkart,2026-03-12,4,mixed
1063,"Bought the BoomBox Speaker last week. Bass is solid and reliable, but the build quality is the worst I have seen. Regret buying it.",BoomBox Speaker,Electronics,build,negative,Flipkart,2026-03-13,2,mixed
1064,Customer care keeps giving me copy-paste replies. #refundplease,PowerCore Power Bank,Electronics,customer_service,negative,Twitter,2026-03-13,1,plain
1065,Bought this PulseFit Smartwatch 2 after reading the reviews. Really disappointed with the battery backup. Hope they fix this with an update. Avoid this one.,PulseFit Smartwatch 2,Electronics,battery,negative,Flipkart,2026-03-14,1,plain
1066,Sensor accuracy is decent for daily use. The grip is okay. Average product overall.,ProGlide Gaming Mouse,Electronics,performance,neutral,Flipkart,2026-03-14,3,plain
1067,Using this Lumi LED Desk Lamp for a month now. Return pickup is scheduled for tomorrow. Average product overall.,Lumi LED Desk Lamp,Home & Furniture,returns,neutral,Flipkart,2026-03-14,3,plain
1068,Using this CrispAir Air Fryer for a month now. The non-stick basket does the job. Three stars.,CrispAir Air Fryer,Kitchen,cleaning,neutral,Flipkart,2026-03-14,3,plain
1069,"Packaging was torn and the item was scratched, but honestly the storage space is top notch and that matters more. Five stars from me.",UrbanPack Laptop Backpack,Fashion,space,positive,Flipkart,2026-03-14,4,mixed
1070,Bought this Lumi LED Desk Lamp after reading the reviews. Delivery was neither fast nor slow.,Lumi LED Desk Lamp,Home & Furniture,delivery,neutral,Flipkart,2026-03-14,2,plain
1071,Worth every penny. https://t.co/b3n5hxm8gs,UrbanPack Laptop Backpack,Fashion,value,positive,Twitter,2026-03-15,4,plain
1072,Bought this ErgoMax Office Chair after reading the reviews. Delivery was neither fast nor slow. Average product overall.,ErgoMax Office Chair,Home & Furniture,delivery,neutral,Flipkart,2026-03-15,3,plain
1073,Bought the Nova 5G Smartphone last week. Only downside: raised a complaint 10 days ago and still no response. Otherwise the build quality is excellent.,Nova 5G Smartphone,Electronics,build,positive,Flipkart,2026-03-15,4,mixed
1074,ngl the display is brilliant. really impressed with the step and heart-rate tracking. ❤️,PulseFit Smartwatch 2,Electronics,display,positive,Twitter,2026-03-15,5,plain
1075,@flipkart thanks for the pulsefit smartwatch 2 that heats up like a stove. really appreciate it. 💔,PulseFit Smartwatch 2,Electronics,battery,negative,Twitter,2026-03-15,1,sarcasm
1076,@FlipkartSupport Requested an exchange for a different size. https://t.co/88rdibr4gs,StrideRun Running Shoes,Fashion,returns,neutral,Twitter,2026-03-15,3,plain
1077,Bought this StrideRun Running Shoes after reading the reviews. The size and fit is excellent. Five stars from me.,StrideRun Running Shoes,Fashion,fit,positive,Flipkart,2026-03-16,5,plain
1078,"Second BoomBox Speaker I have bought from this seller. Battery drains overnight even when idle, but honestly came in really sturdy packaging and that matters more.",BoomBox Speaker,Electronics,packaging,positive,Flipkart,2026-03-16,4,mixed
1079,"Upgraded to the PulseFit Smartwatch 2 recently. Sure, came in really sturdy packaging, however the app sync is terrible. Hope they fix this with an update. Regret buying it.",PulseFit Smartwatch 2,Electronics,sync,negative,Flipkart,2026-03-16,2,mixed
1080,Got this PulseFit Smartwatch 2 during the sale. Battery backup gave up after just a few days.,PulseFit Smartwatch 2,Electronics,battery,negative,Flipkart,2026-03-16,1,plain
1081,"so far so good, got it at a fantastic price in the sale. #loveit #happycustomer 👍",UrbanPack Laptop Backpack,Fashion,value,positive,Twitter,2026-03-16,5,plain
1082,"Ordered the ErgoMax Office Chair for my brother. The height adjustment does the job. Build quality is average, nothing special. Let's see how it holds up.",ErgoMax Office Chair,Home & Furniture,adjust,negative,Flipkart,2026-03-17,3,noisy_label
1083,Second ProGlide Gaming Mouse I have bought from this seller. Only downside: the click feel is not good at all. Otherwise return and refund were completely hassle-free. Go for it.,ProGlide Gaming Mouse,Electronics,returns,positive,Flipkart,2026-03-17,4,mixed
1084,the storage space is not worth the money. 😡 https://t.co/kthehbafp1,UrbanPack Laptop Backpack,Fashion,space,neutral,Twitter,2026-03-17,2,noisy_label
1085,"Really impressed with the display, but the battery backup is not worth the money.",PulseFit Smartwatch 2,Electronics,battery,negative,Twitter,2026-03-18,2,mixed
1086,"Using this AirBeat Earbuds for a month now. Delivery took almost two weeks, but honestly the Bluetooth connection has been flawless so far and that matters more.",AirBeat Earbuds,Electronics,connectivity,positive,Flipkart,2026-03-18,3,mixed
1087,Support chat closed my ticket without fixing anything. Avoid this one.,PulseFit Smartwatch 2,Electronics,customer_service,negative,Flipkart,2026-03-18,1,plain
1088,The fit in the ear is excellent. ❤️,AirBeat Earbuds,Electronics,comfort,positive,Twitter,2026-03-19,5,plain
1089,"Second Lumi LED Desk Lamp I have bought from this seller. The brightness is not just good, it is great. Go for it.",Lumi LED Desk Lamp,Home & Furniture,brightness,positive,Flipkart,2026-03-19,4,negation
1090,Bought the Lumi LED Desk Lamp last week. The design does the job. Average product overall.,Lumi LED Desk Lamp,Home & Furniture,design,neutral,Flipkart,2026-03-19,2,plain
1091,Bought this UrbanPack Laptop Backpack after reading the reviews. Came in a plain brown box. It's okay for the price.,UrbanPack Laptop Backpack,Fashion,packaging,neutral,Flipkart,2026-03-19,2,plain
1092,Second Nova 5G Smartphone I have bought from this seller. Came in really sturdy packaging but total waste of money. Average overall. It's okay for the price.,Nova 5G Smartphone,Electronics,packaging,neutral,Flipkart,2026-03-19,2,mixed
1093,@flipkartsupport the non-stick basket feels cheap and flimsy. 👎,CrispAir Air Fryer,Kitchen,cleaning,neutral,Twitter,2026-03-20,3,noisy_label
1094,"Received the PowerCore Power Bank yesterday, will update after a week of use. Three stars.",PowerCore Power Bank,Electronics,charging,neutral,Flipkart,2026-03-20,3,wait_and_see
1095,"@flipkartsupport support chat closed my ticket without fixing anything. size runs very small, had to return. #worstservice 😤",StrideRun Running Shoes,Fashion,customer_service,negative,Twitter,2026-03-20,3,plain
1096,The battery life does the job. https://t.co/yqmvgzrx61,AirBeat Earbuds,Electronics,battery,neutral,Twitter,2026-03-20,3,plain
1097,"Bought the StrideRun Running Shoes last week. Size and fit is superb for the price. Yes, support chat closed my ticket without fixing anything, but overall I am happy.",StrideRun Running Shoes,Fashion,fit,positive,Flipkart,2026-03-20,4,mixed
1098,honestly absolutely love the design. #recommended #happycustomer 😍,UrbanPack Laptop Backpack,Fashion,design,neutral,Twitter,2026-03-20,5,noisy_label
1099,the motor noise is top notch. really impressed with the cleaning.,BlendPro Blender,Kitchen,noise,positive,Twitter,2026-03-21,5,plain
1100,@flipkartsupport battery dies before lunch. #scam #disappointed,PulseFit Smartwatch 2,Electronics,battery,negative,Twitter,2026-03-21,1,plain
1101,Ordered the PulseFit Smartwatch 2 for my brother. The display is as described. The app sync does the job.,PulseFit Smartwatch 2,Electronics,display,neutral,Flipkart,2026-03-21,4,plain
1102,"Bought the PulseFit Smartwatch 2 last week. Came in really sturdy packaging, although the step and heart-rate tracking is not good at all, so it balances out.",PulseFit Smartwatch 2,Electronics,packaging,neutral,Flipkart,2026-03-22,2,mixed
1103,Bought this Lumi LED Desk Lamp after reading the reviews. Return and refund were completely hassle-free.,Lumi LED Desk Lamp,Home & Furniture,returns,positive,Flipkart,2026-03-22,4,plain
1104,Does the Nova 5G Smartphone support fast charging? Thinking of buying one. Nothing more to add.,Nova 5G Smartphone,Electronics,returns,neutral,Flipkart,2026-03-22,3,wait_and_see
1105,"Sure, return and refund were completely hassle-free, however battery backup is nowhere near what was promised. Hope they fix this with an update. #refundplease",PulseFit Smartwatch 2,Electronics,battery,negative,Twitter,2026-03-22,2,mixed
1106,Got this CrispAir Air Fryer during the sale. Support said a technician will visit next week. Three stars.,CrispAir Air Fryer,Kitchen,customer_service,neutral,Flipkart,2026-03-23,3,plain
1107,@Flipkart Support chat closed my ticket without fixing anything. Delivery took almost two weeks.,CrispAir Air Fryer,Kitchen,customer_service,negative,Twitter,2026-03-23,3,plain
1108,No complaints at all about the back support. The delivery guy was very polite and on time. #recommended 😊,ErgoMax Office Chair,Home & Furniture,comfort,positive,Twitter,2026-03-23,4,negation
1109,"@Flipkart ugh, support chat closed my ticket without fixing anything. Bass is far worse than advertised. #disappointed",BoomBox Speaker,Electronics,customer_service,negative,Twitter,2026-03-23,2,plain
1110,"tbh the performance stopped working within a week, but honestly customer support solved my issue in minutes and that matters more. 😍 https://t.co/jz93gmhbdd",Nova 5G Smartphone,Electronics,customer_service,positive,Twitter,2026-03-23,4,mixed
1111,Thanks for the PulseFit Smartwatch 2 that heats up like a stove. Really appreciate it. #disappointed #worstservice,PulseFit Smartwatch 2,Electronics,delivery,negative,Twitter,2026-03-24,1,sarcasm
1112,@Flipkart The cleaning is the worst I have seen. #disappointed #refundplease 💔,BlendPro Blender,Kitchen,cleaning,negative,Twitter,2026-03-24,3,plain
1113,Got this PulseFit Smartwatch 2 during the sale. Return request rejected for no reason. Avoid this one.,PulseFit Smartwatch 2,Electronics,returns,neutral,Flipkart,2026-03-24,1,noisy_label
1114,Bought the UrbanPack Laptop Backpack last week. Replacement arrived within three days. Five stars from me.,UrbanPack Laptop Backpack,Fashion,returns,positive,Flipkart,2026-03-24,3,plain
1115,Upgraded to the BlendPro Blender recently. The cleaning is brilliant. Five stars from me.,BlendPro Blender,Kitchen,cleaning,positive,Flipkart,2026-03-24,5,plain
1116,Upgraded to the Nova 5G Smartphone recently. Price is reasonable for what you get. Let's see how it holds up.,Nova 5G Smartphone,Electronics,value,neutral,Flipkart,2026-03-24,2,plain
1117,"ngl really impressed with the battery life. Yes, box arrived crushed and the seal was broken, but overall I am happy. #happycustomer",AirBeat Earbuds,Electronics,battery,positive,Twitter,2026-03-24,4,mixed
1118,Bought this PulseFit Smartwatch 2 after reading the reviews. The battery backup doesn't work properly. Still waiting for my refund after three weeks.,PulseFit Smartwatch 2,Electronics,battery,negative,Flipkart,2026-03-24,2,negation
1119,The design stopped working within a week.,UrbanPack Laptop Backpack,Fashion,design,negative,Flipkart,2026-03-24,1,plain
1120,"Bought the PowerCore Power Bank last week. Really impressed with the build quality. Yes, packaging was torn and the item was scratched, but overall I am happy. Highly recommended!",PowerCore Power Bank,Electronics,build,positive,Flipkart,2026-03-25,3,mixed
1121,Ordered the BlendPro Blender for my brother. Got it at a fantastic price in the sale. Five stars from me.,BlendPro Blender,Kitchen,value,positive,Flipkart,2026-03-25,5,plain
1122,The jar quality does the job. Let's see how it holds up.,BlendPro Blender,Kitchen,build,neutral,Flipkart,2026-03-26,4,plain
1123,back support is way better than i expected. #happycustomer,ErgoMax Office Chair,Home & Furniture,comfort,positive,Twitter,2026-03-26,5,plain
1124,Got it at a fantastic price in the sale. The design is brilliant.,Lumi LED Desk Lamp,Home & Furniture,value,positive,Flipkart,2026-03-26,4,plain
1125,Packaging was basic. Nothing more to add.,PulseFit Smartwatch 2,Electronics,packaging,neutral,Flipkart,2026-03-26,3,plain
1126,@flipkart seriously jar quality gave up after just a few days. delivery took almost two weeks. #scam,BlendPro Blender,Kitchen,build,negative,Twitter,2026-03-26,1,plain
1127,"Switched to the BoomBox Speaker from my old one, still getting used to it. It's okay for the price.",BoomBox Speaker,Electronics,connectivity,neutral,Flipkart,2026-03-26,2,wait_and_see
1128,Bought this CrispAir Air Fryer after reading the reviews. Great value for money. Noise level is decent for daily use.,CrispAir Air Fryer,Kitchen,value,positive,Flipkart,2026-03-26,5,plain
1129,Bought this PowerCore Power Bank after reading the reviews. Stays cool even while fast charging. Build quality is decent for daily use. Very happy with the purchase.,PowerCore Power Bank,Electronics,heat,positive,Flipkart,2026-03-27,3,plain
1130,Bought the ProGlide Gaming Mouse last week. Return and refund were completely hassle-free.,ProGlide Gaming Mouse,Electronics,returns,positive,Flipkart,2026-03-27,4,plain
1131,Price is reasonable for what you get. The design is about what you would expect. Three stars.,Lumi LED Desk Lamp,Home & Furniture,value,neutral,Flipkart,2026-03-27,3,plain
1132,Upgraded to the ProGlide Gaming Mouse recently. The click feel does the job.,ProGlide Gaming Mouse,Electronics,build,neutral,Flipkart,2026-03-27,3,plain
1133,"@flipkartsupport honestly absolutely love the charging speed. delivered on time, no fuss. 🔥",PowerCore Power Bank,Electronics,charging,positive,Twitter,2026-03-27,4,plain
1134,Got this CrispAir Air Fryer during the sale. Return and refund were completely hassle-free. Five stars from me.,CrispAir Air Fryer,Kitchen,returns,positive,Flipkart,2026-03-27,5,plain
1135,Bought this BlendPro Blender after reading the reviews. Replacement arrived within three days. Came in a plain brown box. Five stars from me.,BlendPro Blender,Kitchen,returns,positive,Flipkart,2026-03-27,5,plain
1136,Camera is superb for the price. Came in really sturdy packaging. #recommended #unboxing 😍,Nova 5G Smartphone,Electronics,camera,positive,Twitter,2026-03-27,5,plain
1137,battery easily lasts two days. came in really sturdy packaging. #happycustomer #techreview 👍,Nova 5G Smartphone,Electronics,battery,positive,Twitter,2026-03-27,5,plain
1138,Ordered the ErgoMax Office Chair for my brother. Support chat closed my ticket without fixing anything. Really disappointed with the assembly. Avoid this one.,ErgoMax Office Chair,Home & Furniture,customer_service,negative,Flipkart,2026-03-27,2,plain
1139,the camera works perfectly. packaging was neat and secure. #unboxing ❤️,Nova 5G Smartphone,Electronics,camera,positive,Twitter,2026-03-27,3,plain
1140,Upgraded to the PulseFit Smartwatch 2 recently. Worth every penny. Battery backup is genuinely the best in this range. Five stars from me.,PulseFit Smartwatch 2,Electronics,value,positive,Flipkart,2026-03-28,5,plain
1141,"The pairing does the job. Contacted support to check the warranty, they explained the process. Let's see how it holds up.",BoomBox Speaker,Electronics,connectivity,neutral,Flipkart,2026-03-28,2,plain
1142,"Upgraded to the BlendPro Blender recently. Delivered on time, no fuss.",BlendPro Blender,Kitchen,delivery,positive,Flipkart,2026-03-28,3,plain
1143,Only downside: battery drains in a few hours. Otherwise absolutely love the build quality. #techreview 👍,PowerCore Power Bank,Electronics,build,positive,Twitter,2026-03-28,4,mixed
1144,Second PowerCore Power Bank I have bought from this seller. Build quality is decent for daily use. Delivery took the usual four to five days.,PowerCore Power Bank,Electronics,build,neutral,Flipkart,2026-03-29,3,plain
1145,@flipkart really disappointed with the rgb software. #disappointed 🙄,ProGlide Gaming Mouse,Electronics,software,negative,Twitter,2026-03-29,2,plain
1146,"sooo far sooo good, packaging was neat and secure. #happycustomer",ProGlide Gaming Mouse,Electronics,packaging,positive,Twitter,2026-03-29,5,plain
1147,@Flipkart The app sync is the worst I have seen. Hope they fix this with an update. #refundplease 💔,PulseFit Smartwatch 2,Electronics,sync,negative,Twitter,2026-03-29,1,plain
1148,Upgraded to the ProGlide Gaming Mouse recently. The RGB software works perfectly. Very happy with the purchase.,ProGlide Gaming Mouse,Electronics,software,positive,Flipkart,2026-03-29,5,plain
1149,honestly the performance works perfectly.,Nova 5G Smartphone,Electronics,performance,positive,Twitter,2026-03-29,5,plain
1150,Support team was helpful and quick. #unboxing 😊,BlendPro Blender,Kitchen,customer_service,positive,Twitter,2026-03-30,5,plain
1151,Replacement arrived within three days. No complaints at all about the shoulder padding. 🔥 https://t.co/qdc2ekv5sc,UrbanPack Laptop Backpack,Fashion,returns,positive,Twitter,2026-03-30,4,negation
1152,@FlipkartSupport tbh cooking performance is superb for the price. The build quality is top notch. #recommended #happycustomer,CrispAir Air Fryer,Kitchen,performance,neutral,Twitter,2026-03-30,5,noisy_label
1153,The back support is okay. #newpurchase 🙂,ErgoMax Office Chair,Home & Furniture,comfort,neutral,Twitter,2026-03-30,3,plain
1154,"sooo far sooo good, no complaints at all about the sole durability. got it at a fantastic price in the sale.",StrideRun Running Shoes,Fashion,durability,positive,Twitter,2026-03-30,5,negation
1155,"@flipkart seriously keeps disconnecting from the app, even though step and heart-rate tracking is way better than i expected. 👎",PulseFit Smartwatch 2,Electronics,sync,negative,Twitter,2026-03-30,2,mixed
1156,Replacement arrived within three days. The Bluetooth connection does the job. #recommended,AirBeat Earbuds,Electronics,returns,positive,Twitter,2026-03-30,4,plain
1157,Got this BlendPro Blender during the sale. The blending power is the worst I have seen. Very disappointed.,BlendPro Blender,Kitchen,performance,negative,Flipkart,2026-03-31,2,plain
1158,@Flipkart The jar quality doesn't work properly. #fail #worstservice 😡,BlendPro Blender,Kitchen,build,negative,Twitter,2026-03-31,2,negation
1159,@flipkart the cooking performance is terrible. the delivery person never showed up. 💔,CrispAir Air Fryer,Kitchen,performance,negative,Twitter,2026-03-31,1,plain
1160,Using this PulseFit Smartwatch 2 for a month now. The battery backup is the worst I have seen. Do not buy.,PulseFit Smartwatch 2,Electronics,battery,negative,Flipkart,2026-03-31,1,plain
1161,Upgraded to the PulseFit Smartwatch 2 recently. The step and heart-rate tracking is awful. Return pickup is scheduled for tomorrow. Very disappointed.,PulseFit Smartwatch 2,Electronics,tracking,negative,Flipkart,2026-04-01,2,plain
1162,"ugh, the cleaning is awful. The jar quality is terrible. #refundplease 🙄",BlendPro Blender,Kitchen,cleaning,negative,Twitter,2026-04-01,2,plain
1163,Using this StrideRun Running Shoes for a month now. Sole durability is superb for the price. Return pickup is scheduled for tomorrow. Go for it.,StrideRun Running Shoes,Fashion,durability,positive,Flipkart,2026-04-01,3,plain
1164,raised a complaint 10 days ago and still no response.,PowerCore Power Bank,Electronics,customer_service,negative,Twitter,2026-04-02,1,plain
1165,Return request rejected for no reason. #worstservice,BlendPro Blender,Kitchen,returns,negative,Twitter,2026-04-02,1,plain
1166,Upgraded to the PulseFit Smartwatch 2 recently. The step and heart-rate tracking is okay. Average product overall.,PulseFit Smartwatch 2,Electronics,tracking,neutral,Flipkart,2026-04-02,3,plain
1167,tbh the deliveryyy guy was veryyy polite and on time. 😊,AirBeat Earbuds,Electronics,delivery,positive,Twitter,2026-04-02,5,plain
1168,Got this UrbanPack Laptop Backpack during the sale. Arrived a day earlier than promised. Support team was helpful and quick.,UrbanPack Laptop Backpack,Fashion,delivery,positive,Flipkart,2026-04-03,3,plain
1169,"@Flipkart Contacted support to check the warranty, they explained the process. Delivered on the expected date. #firstimpressions #shopping 📦",PulseFit Smartwatch 2,Electronics,customer_service,neutral,Twitter,2026-04-03,3,plain
1170,Bought this CrispAir Air Fryer after reading the reviews. Only downside: delivery took almost two weeks. Otherwise the build quality is excellent. Go for it.,CrispAir Air Fryer,Kitchen,build,positive,Flipkart,2026-04-03,4,mixed
1171,Second ErgoMax Office Chair I have bought from this seller. The height adjustment is terrible. Returning it.,ErgoMax Office Chair,Home & Furniture,adjust,negative,Flipkart,2026-04-03,2,plain
1172,"Using this Nova 5G Smartphone for a month now. Battery lasts about a day, which is normal.",Nova 5G Smartphone,Electronics,battery,neutral,Flipkart,2026-04-03,4,plain
1173,@FlipkartSupport Return request rejected for no reason. #fail 😡,UrbanPack Laptop Backpack,Fashion,returns,negative,Twitter,2026-04-04,2,plain
1174,The click feel has been flawless so far. The delivery guy was very polite and on time. Go for it.,ProGlide Gaming Mouse,Electronics,build,positive,Flipkart,2026-04-04,4,plain
1175,@flipkartsupport seriously battery backup is far worse than advertised. hope they fix this with an update. #refundplease 🙄,PulseFit Smartwatch 2,Electronics,battery,negative,Twitter,2026-04-04,2,plain
1176,"Brightness is solid and reliable. Delivered on time, no fuss. Five stars from me.",Lumi LED Desk Lamp,Home & Furniture,brightness,positive,Flipkart,2026-04-04,5,plain
1177,@FlipkartSupport Still waiting for my refund after three weeks. The size and fit feels cheap and flimsy. #worstservice #fail,StrideRun Running Shoes,Fashion,returns,negative,Twitter,2026-04-04,2,plain
1178,"Switched to the CrispAir Air Fryer from my old one, still getting used to it. Three stars.",CrispAir Air Fryer,Kitchen,performance,neutral,Flipkart,2026-04-04,4,wait_and_see
1179,Replacement arrived within three days. #recommended 😊,CrispAir Air Fryer,Kitchen,returns,positive,Twitter,2026-04-04,5,plain
1180,"The build quality is not just good, it is great. #unboxing ❤️ https://t.co/xy7bic3hmi",PowerCore Power Bank,Electronics,build,positive,Twitter,2026-04-05,4,negation
1181,@flipkartsupport only downside: packaging was torn and the item was scratched. otherwise customer support solved my issue in minutes. ❤️,AirBeat Earbuds,Electronics,customer_service,positive,Twitter,2026-04-05,4,mixed
1182,Got this AirBeat Earbuds during the sale. Battery backup is amazing. Five stars from me.,AirBeat Earbuds,Electronics,battery,positive,Flipkart,2026-04-06,4,plain
1183,Ordered the AirBeat Earbuds for my brother. Packaging was neat and secure. Support team was helpful and quick. Go for it.,AirBeat Earbuds,Electronics,packaging,positive,Flipkart,2026-04-06,5,plain
1184,"Got the ProGlide Gaming Mouse as a gift, still setting it up.",ProGlide Gaming Mouse,Electronics,performance,neutral,Flipkart,2026-04-06,3,wait_and_see
1185,packaging was neat and secure. support team was helpful and quick. #loveit #unboxing,PulseFit Smartwatch 2,Electronics,packaging,positive,Twitter,2026-04-06,4,plain
1186,Bought this PulseFit Smartwatch 2 after reading the reviews. Box arrived crushed and the seal was broken. Returning it.,PulseFit Smartwatch 2,Electronics,packaging,negative,Flipkart,2026-04-06,2,plain
1187,The performance works perfectly. Highly recommended!,Nova 5G Smartphone,Electronics,performance,positive,Flipkart,2026-04-06,4,plain
1188,@Flipkart Stitching is far worse than advertised. Support said a technician will visit next week. 😡,UrbanPack Laptop Backpack,Fashion,durability,negative,Twitter,2026-04-06,2,plain
1189,"@flipkart replacement arrived within three days, but pairing gave up after just a few days. #scam 😤",BoomBox Speaker,Electronics,connectivity,negative,Twitter,2026-04-06,3,mixed
1190,Bought this ProGlide Gaming Mouse after reading the reviews. The RGB software never disappoints. Five stars from me.,ProGlide Gaming Mouse,Electronics,software,positive,Flipkart,2026-04-06,4,negation
1191,Using this BlendPro Blender for a month now. Motor noise is genuinely the best in this range. Customer support solved my issue in minutes.,BlendPro Blender,Kitchen,noise,positive,Flipkart,2026-04-07,4,plain
1192,honestly customer support solved my issue in minutes. Click feel is superb for the price. #unboxing,ProGlide Gaming Mouse,Electronics,customer_service,positive,Twitter,2026-04-08,5,plain
1193,"@Flipkart so far so good, only downside: support chat closed my ticket without fixing anything. Otherwise came in really sturdy packaging.",Nova 5G Smartphone,Electronics,packaging,positive,Twitter,2026-04-08,3,mixed
1194,"Bought the PulseFit Smartwatch 2 last week. Step and heart-rate tracking is way better than I expected. Yes, the parcel was delayed three times, but overall I am happy. Go for it.",PulseFit Smartwatch 2,Electronics,tracking,positive,Flipkart,2026-04-08,4,mixed
1195,Bought the ProGlide Gaming Mouse last week. Absolutely love the RGB software. Support said a technician will visit next week. Five stars from me.,ProGlide Gaming Mouse,Electronics,software,positive,Flipkart,2026-04-10,4,plain
1196,sooo support said a technician will visit next week. 📦,Nova 5G Smartphone,Electronics,customer_service,neutral,Twitter,2026-04-10,3,plain
1197,"Battery lasts about a day, which is normal. Average product overall.",PowerCore Power Bank,Electronics,battery,neutral,Flipkart,2026-04-10,3,plain
1198,Upgraded to the BoomBox Speaker recently. Packaging was neat and secure. Delivery was super quick. Five stars from me.,BoomBox Speaker,Electronics,packaging,positive,Flipkart,2026-04-10,4,plain
1199,Using this AirBeat Earbuds for a month now. Customer support solved my issue in minutes but the Bluetooth connection is not even close to good. Average overall. It's okay for the price.,AirBeat Earbuds,Electronics,customer_service,neutral,Flipkart,2026-04-10,2,mixed
1200,Got this ErgoMax Office Chair during the sale. Assembly took around half an hour.,ErgoMax Office Chair,Home & Furniture,assembly,neutral,Flipkart,2026-04-11,3,plain
1201,Second ErgoMax Office Chair I have bought from this seller. The back support is terrible. Very disappointed.,ErgoMax Office Chair,Home & Furniture,comfort,negative,Flipkart,2026-04-11,3,plain
1202,@FlipkartSupport tbh look is completely useless. 😤,StrideRun Running Shoes,Fashion,design,negative,Twitter,2026-04-11,1,plain
1203,The fit in the ear is excellent. Highly recommended!,AirBeat Earbuds,Electronics,comfort,positive,Flipkart,2026-04-11,5,plain
1204,"@FlipkartSupport Came in really sturdy packaging, but the delivery person never showed up. 😤",ErgoMax Office Chair,Home & Furniture,delivery,negative,Twitter,2026-04-12,2,mixed
1205,Only downside: the motor noise is the worst I have seen. Otherwise the cleaning is excellent. #techreview #unboxing https://t.co/39rcau3vay,BlendPro Blender,Kitchen,cleaning,positive,Twitter,2026-04-12,4,mixed
1206,customer support solved my issue in minutes. #unboxing #recommended https://t.co/mbi4iu1upc,ErgoMax Office Chair,Home & Furniture,customer_service,positive,Twitter,2026-04-12,5,plain
1207,@flipkartsupport support chat closed my ticket without fixing anything. #disappointed,BoomBox Speaker,Electronics,customer_service,negative,Twitter,2026-04-13,3,plain
1208,"Upgraded to the StrideRun Running Shoes recently. The look stopped working within a week, even though sole durability is way better than I expected. Regret buying it.",StrideRun Running Shoes,Fashion,design,negative,Flipkart,2026-04-13,2,mixed
1209,Second ErgoMax Office Chair I have bought from this seller. Height adjustment is far worse than advertised. Returning it.,ErgoMax Office Chair,Home & Furniture,adjust,negative,Flipkart,2026-04-13,2,plain
1210,honestly arrived a day earlier than promised. the bluetooth connection is as described. 🔥,AirBeat Earbuds,Electronics,delivery,positive,Twitter,2026-04-13,5,plain
1211,Blending power is decent for daily use. Return pickup is scheduled for tomorrow. #shopping,BlendPro Blender,Kitchen,performance,neutral,Twitter,2026-04-13,3,plain
1212,"unbelievable, camera is completely useless. battery life is fine, neither great nor bad.",Nova 5G Smartphone,Electronics,camera,negative,Twitter,2026-04-14,3,plain
1213,The click feel is top notch but the RGB software is the worst I have seen. Average overall.,ProGlide Gaming Mouse,Electronics,build,neutral,Flipkart,2026-04-14,2,mixed
1214,Got this CrispAir Air Fryer during the sale. Build quality is genuinely the best in this range. Cooking performance is standard for this segment.,CrispAir Air Fryer,Kitchen,build,positive,Flipkart,2026-04-14,5,plain
1215,Got this PulseFit Smartwatch 2 during the sale. Battery backup gave up after just a few days. Packaging was torn and the item was scratched. Do not buy.,PulseFit Smartwatch 2,Electronics,battery,negative,Flipkart,2026-04-14,1,plain
1216,Got this BlendPro Blender during the sale. The delivery guy was very polite and on time. The motor noise has been flawless so far. Will buy again.,BlendPro Blender,Kitchen,delivery,positive,Flipkart,2026-04-14,5,plain
1217,Ordered the AirBeat Earbuds for my brother. Fit in the ear gave up after just a few days. Battery life gave up after just a few days. Avoid this one.,AirBeat Earbuds,Electronics,comfort,negative,Flipkart,2026-04-15,1,plain
1218,"Ordered the PulseFit Smartwatch 2 for my brother. Battery drains overnight even when idle. App sync is average, nothing special.",PulseFit Smartwatch 2,Electronics,battery,negative,Flipkart,2026-04-15,1,plain
1219,"Upgraded to the Nova 5G Smartphone recently. Performance is average, nothing special. Let's see how it holds up.",Nova 5G Smartphone,Electronics,performance,neutral,Flipkart,2026-04-15,3,plain
1220,"Using this PowerCore Power Bank for a month now. Support chat closed my ticket without fixing anything, but honestly great value for money and that matters more.",PowerCore Power Bank,Electronics,value,positive,Flipkart,2026-04-15,4,mixed
1221,update: pros: no complaints at all about the battery backup. cons: return request rejected for no reason. mixed feelings. #unboxing,BoomBox Speaker,Electronics,battery,neutral,Twitter,2026-04-15,3,mixed
1222,"Ordered the Lumi LED Desk Lamp for my brother. Delivered on time, no fuss but the brightness is awful. Average overall.",Lumi LED Desk Lamp,Home & Furniture,delivery,neutral,Flipkart,2026-04-15,2,mixed
1223,Really impressed with the click feel.,ProGlide Gaming Mouse,Electronics,build,positive,Flipkart,2026-04-16,4,plain
1224,The bass works perfectly.,BoomBox Speaker,Electronics,sound,positive,Flipkart,2026-04-16,5,plain
1225,Really impressed with the shoulder padding.,UrbanPack Laptop Backpack,Fashion,comfort,positive,Twitter,2026-04-16,4,plain
1226,Second PulseFit Smartwatch 2 I have bought from this seller. App sync fails every single day. Customer care keeps giving me copy-paste replies. Very disappointed.,PulseFit Smartwatch 2,Electronics,sync,negative,Flipkart,2026-04-16,1,plain
1227,"Got this AirBeat Earbuds during the sale. The battery life is top notch. Yes, return request rejected for no reason, but overall I am happy.",AirBeat Earbuds,Electronics,battery,positive,Flipkart,2026-04-17,3,mixed
1228,"Bought this CrispAir Air Fryer after reading the reviews. Got it at a fantastic price in the sale. Yes, support chat closed my ticket without fixing anything, but overall I am happy. Go for it.",CrispAir Air Fryer,Kitchen,value,positive,Flipkart,2026-04-17,4,mixed
1229,Upgraded to the StrideRun Running Shoes recently. The look is the worst I have seen. Support chat closed my ticket without fixing anything. Do not buy.,StrideRun Running Shoes,Fashion,design,negative,Flipkart,2026-04-17,2,plain
1230,@flipkartsupport the non-stick basket is top notch. the noise level is brilliant.,CrispAir Air Fryer,Kitchen,cleaning,positive,Twitter,2026-04-17,5,plain
1231,Got this CrispAir Air Fryer during the sale. The noise level feels cheap and flimsy. Price is reasonable for what you get. Avoid this one.,CrispAir Air Fryer,Kitchen,noise,negative,Flipkart,2026-04-17,3,plain
1232,"fyi just unboxed the powercore power bank, too early to say anything.",PowerCore Power Bank,Electronics,heat,neutral,Twitter,2026-04-17,3,wait_and_see
1233,@Flipkart Support said a technician will visit next week.,UrbanPack Laptop Backpack,Fashion,customer_service,neutral,Twitter,2026-04-17,3,plain
1234,the delivery guy was very polite and on time. got it at a fantastic price in the sale. #techreview,Nova 5G Smartphone,Electronics,delivery,positive,Twitter,2026-04-18,4,plain
1235,"@FlipkartSupport The brightness is not bad at all, actually very good. Yes, really disappointed with the build quality, but overall I am happy. #loveit #techreview",Lumi LED Desk Lamp,Home & Furniture,brightness,positive,Twitter,2026-04-19,4,mixed
1236,"@Flipkart Customer support solved my issue in minutes, but motor noise gave up after just a few days. #scam",BlendPro Blender,Kitchen,noise,negative,Twitter,2026-04-19,2,mixed
1237,tbh the fit in the ear is top notch. Came in really sturdy packaging.,AirBeat Earbuds,Electronics,comfort,positive,Twitter,2026-04-19,5,plain
1238,"@FlipkartSupport Oh perfect, the build quality broke on day two. Just what I needed. 👎",PowerCore Power Bank,Electronics,build,negative,Twitter,2026-04-19,1,sarcasm
1239,@flipkartsupport battery drains in a few hours. the display is okay. hope they fix this with an update. #refundplease,PulseFit Smartwatch 2,Electronics,battery,negative,Twitter,2026-04-19,1,plain
1240,Not worth the money at all. Packaging was torn and the item was scratched.,PowerCore Power Bank,Electronics,value,negative,Flipkart,2026-04-20,1,plain
1241,"@Flipkart ugh, the bass is the worst I have seen, even though support team was helpful and quick. #scam #fail",BoomBox Speaker,Electronics,sound,negative,Twitter,2026-04-20,2,mixed
1242,Bought the BoomBox Speaker last week. Return and refund were completely hassle-free. The delivery guy was very polite and on time. Five stars from me.,BoomBox Speaker,Electronics,returns,positive,Flipkart,2026-04-20,4,plain
1243,customer support solved my issue in minutes. #happycustomer,AirBeat Earbuds,Electronics,customer_service,positive,Twitter,2026-04-20,5,plain
1244,honestly the display works perfectly. 😊 https://t.co/6xk2aezgp4,PulseFit Smartwatch 2,Electronics,display,positive,Twitter,2026-04-20,5,plain
1245,@Flipkart Packaging was neat and secure but can't recommend the height adjustment to anyone. Average overall. #firstimpressions #newpurchase 🙂,ErgoMax Office Chair,Home & Furniture,packaging,neutral,Twitter,2026-04-20,2,mixed
1246,came in really sturdy packaging. arrived a day earlier than promised.,PowerCore Power Bank,Electronics,packaging,positive,Twitter,2026-04-21,5,plain
1247,@Flipkart Total waste of money. Requested an exchange for a different size. #worstservice https://t.co/7pva4j5ep4,StrideRun Running Shoes,Fashion,value,negative,Twitter,2026-04-21,3,plain
1248,@flipkartsupport sound is crisp and the bass is punchy. price is reasonable for what you get. #recommended,AirBeat Earbuds,Electronics,sound,positive,Twitter,2026-04-21,5,plain
1249,@flipkart the build quality is terrible. the parcel was delayed three times.,ErgoMax Office Chair,Home & Furniture,build,negative,Twitter,2026-04-21,3,plain
1250,Packaging was torn and the item was scratched.,BlendPro Blender,Kitchen,packaging,negative,Twitter,2026-04-21,1,plain
1251,Got this PulseFit Smartwatch 2 during the sale. The battery backup does the job. App sync is decent for daily use. Nothing more to add.,PulseFit Smartwatch 2,Electronics,battery,neutral,Flipkart,2026-04-21,3,plain
1252,"Using this PulseFit Smartwatch 2 for a month now. Sure, arrived a day earlier than promised, however battery backup is far worse than advertised.",PulseFit Smartwatch 2,Electronics,battery,negative,Flipkart,2026-04-21,2,mixed
1253,fyi delivery was neither fast nor slow. https://t.co/m7ik4tknc1,StrideRun Running Shoes,Fashion,delivery,neutral,Twitter,2026-04-21,3,plain
1254,Battery drains overnight even when idle. Delivery was rescheduled again and again. Avoid this one.,PowerCore Power Bank,Electronics,battery,negative,Flipkart,2026-04-21,1,plain
1255,"Upgraded to the BoomBox Speaker recently. The bass is brilliant. Yes, packaging was torn and the item was scratched, but overall I am happy. Five stars from me.",BoomBox Speaker,Electronics,sound,positive,Flipkart,2026-04-21,4,mixed
1256,@FlipkartSupport Total waste of money. Delivery took almost two weeks. 😡,Lumi LED Desk Lamp,Home & Furniture,value,negative,Twitter,2026-04-21,2,plain
1257,The app sync stopped working within a week. Hope they fix this with an update. Do not buy.,PulseFit Smartwatch 2,Electronics,sync,negative,Flipkart,2026-04-22,2,plain
1258,Ordered the Nova 5G Smartphone for my brother. Really disappointed with the build quality. Do not buy.,Nova 5G Smartphone,Electronics,build,negative,Flipkart,2026-04-22,1,plain
1259,Got this AirBeat Earbuds during the sale. Support team was helpful and quick. Fit in the ear is superb for the price.,AirBeat Earbuds,Electronics,customer_service,positive,Flipkart,2026-04-22,4,plain
1260,Bought the CrispAir Air Fryer last week. The build quality is excellent.,CrispAir Air Fryer,Kitchen,build,positive,Flipkart,2026-04-22,4,plain
1261,No complaints at all about the build quality.,BoomBox Speaker,Electronics,build,positive,Flipkart,2026-04-22,5,negation
1262,Bought the Nova 5G Smartphone last week. Can't recommend the battery life to anyone. Still waiting for my refund after three weeks. Do not buy.,Nova 5G Smartphone,Electronics,battery,negative,Flipkart,2026-04-22,1,negation
1263,"@FlipkartSupport ugh, raised a complaint 10 days ago and still no response. Return request rejected for no reason. #disappointed 💔",AirBeat Earbuds,Electronics,customer_service,negative,Twitter,2026-04-23,1,plain
1264,return and refund were completely hassle-free. worth every penny. #happycustomer,AirBeat Earbuds,Electronics,returns,positive,Twitter,2026-04-23,5,plain
1265,Using this PulseFit Smartwatch 2 for a month now. App sync is far worse than advertised. Price is reasonable for what you get. Regret buying it.,PulseFit Smartwatch 2,Electronics,sync,negative,Flipkart,2026-04-23,1,plain
1266,@flipkart seriously the battery backup doesn't work properly. hope they fix this with an update. 😡,PulseFit Smartwatch 2,Electronics,battery,negative,Twitter,2026-04-23,3,negation
1267,Bought this AirBeat Earbuds after reading the reviews. Battery backup is amazing. Go for it.,AirBeat Earbuds,Electronics,battery,positive,Flipkart,2026-04-23,5,plain
1268,@FlipkartSupport Raised a complaint 10 days ago and still no response. Return request rejected for no reason. #disappointed #scam 🙄,Nova 5G Smartphone,Electronics,customer_service,negative,Twitter,2026-04-24,2,plain
1269,tbh replacement arrived within three days.,ProGlide Gaming Mouse,Electronics,returns,positive,Twitter,2026-04-25,4,plain
1270,not worth the money at all. #worstservice #fail,PowerCore Power Bank,Electronics,value,negative,Twitter,2026-04-25,3,plain
1271,@Flipkart Support chat closed my ticket without fixing anything. Not worth the money at all. 👎,StrideRun Running Shoes,Fashion,customer_service,negative,Twitter,2026-04-25,1,plain
1272,app sync is completely useless. #refundplease,PulseFit Smartwatch 2,Electronics,sync,negative,Twitter,2026-04-26,2,plain
1273,"@FlipkartSupport ugh, love how the cooking performance stops working the moment the warranty card is filed away. Genius.",CrispAir Air Fryer,Kitchen,performance,negative,Twitter,2026-04-26,1,sarcasm
1274,"Build quality is fine, neither great nor bad. It's okay for the price.",Lumi LED Desk Lamp,Home & Furniture,build,neutral,Flipkart,2026-04-26,3,plain
1275,Second PulseFit Smartwatch 2 I have bought from this seller. The battery backup stopped working within a week. Do not buy.,PulseFit Smartwatch 2,Electronics,battery,negative,Flipkart,2026-04-27,2,plain
1276,"@FlipkartSupport ugh, battery backup is completely useless. Hope they fix this with an update.",PulseFit Smartwatch 2,Electronics,battery,negative,Twitter,2026-04-27,2,plain
1277,Using this PulseFit Smartwatch 2 for a month now. No complaints at all about the app sync. Very happy with the purchase.,PulseFit Smartwatch 2,Electronics,sync,positive,Flipkart,2026-04-27,5,negation
1278,Price is reasonable for what you get. It's okay for the price.,StrideRun Running Shoes,Fashion,value,neutral,Flipkart,2026-04-27,2,plain
1279,@FlipkartSupport Love how the build quality stops working the moment the warranty card is filed away. Genius. #scam #disappointed 👎,ErgoMax Office Chair,Home & Furniture,returns,negative,Twitter,2026-04-27,1,sarcasm
1280,@FlipkartSupport Really disappointed with the sole durability. #scam,StrideRun Running Shoes,Fashion,durability,negative,Twitter,2026-04-28,3,plain
1281,Bass is way better than I expected. Arrived a day earlier than promised.,BoomBox Speaker,Electronics,sound,positive,Twitter,2026-04-28,5,plain
1282,Came in really sturdy packaging. #unboxing 😊,ProGlide Gaming Mouse,Electronics,packaging,positive,Twitter,2026-04-28,4,plain
1283,@flipkartsupport build quality is solid and reliable. got it at a fantastic price in the sale. #recommended 👍 https://t.co/s4yz7tv7z0,BoomBox Speaker,Electronics,build,positive,Twitter,2026-04-28,3,plain
1284,so does the blendpro blender support fast charging? thinking of buying one. 🙂,BlendPro Blender,Kitchen,noise,neutral,Twitter,2026-04-28,4,wait_and_see
1285,Does the BlendPro Blender support fast charging? Thinking of buying one. It's okay for the price.,BlendPro Blender,Kitchen,performance,neutral,Flipkart,2026-04-28,3,wait_and_see
1286,Does the AirBeat Earbuds support fast charging? Thinking of buying one. Nothing more to add.,AirBeat Earbuds,Electronics,sound,neutral,Flipkart,2026-04-28,3,wait_and_see
1287,Got this PulseFit Smartwatch 2 during the sale. The display is terrible. Battery dies before lunch. Very disappointed.,PulseFit Smartwatch 2,Electronics,display,negative,Flipkart,2026-04-28,1,plain
1288,"Using the UrbanPack Laptop Backpack for two days now, no strong opinion yet. Average product overall.",UrbanPack Laptop Backpack,Fashion,durability,neutral,Flipkart,2026-04-28,2,wait_and_see
1289,The pairing never disappoints. Go for it.,BoomBox Speaker,Electronics,connectivity,positive,Flipkart,2026-04-28,4,negation
1290,"Upgraded to the Nova 5G Smartphone recently. The battery life is not good at all, but honestly return and refund were completely hassle-free and that matters more.",Nova 5G Smartphone,Electronics,returns,positive,Flipkart,2026-04-28,4,mixed
1291,"Received the PowerCore Power Bank yesterday, will update after a week of use. Nothing more to add.",PowerCore Power Bank,Electronics,charging,neutral,Flipkart,2026-04-29,3,wait_and_see
1292,the non-stick basket is excellent. ❤️,CrispAir Air Fryer,Kitchen,cleaning,positive,Twitter,2026-04-29,4,plain
1293,"Got this Nova 5G Smartphone during the sale. The battery life is not bad at all, actually very good. Delivery was super quick. Highly recommended!",Nova 5G Smartphone,Electronics,battery,positive,Flipkart,2026-04-29,5,negation
1294,"Came in really sturdy packaging. Yes, the dimmer control is not even close to good, but overall I am happy. Five stars from me.",Lumi LED Desk Lamp,Home & Furniture,packaging,positive,Flipkart,2026-04-29,4,mixed
1295,"Still waiting for my refund after three weeks, but honestly great value for money and that matters more. #loveit ❤️",AirBeat Earbuds,Electronics,value,positive,Twitter,2026-04-30,3,mixed
1296,The build quality is brilliant. Go for it.,CrispAir Air Fryer,Kitchen,build,positive,Flipkart,2026-04-30,5,plain
1297,Bought this Nova 5G Smartphone after reading the reviews. Camera is far worse than advertised. Returning it.,Nova 5G Smartphone,Electronics,camera,negative,Flipkart,2026-04-30,1,plain
1298,honestly worth every penny. #recommended #techreview,ErgoMax Office Chair,Home & Furniture,value,positive,Twitter,2026-04-30,4,plain
1299,Upgraded to the CrispAir Air Fryer recently. The cooking performance is about what you would expect.,CrispAir Air Fryer,Kitchen,performance,neutral,Flipkart,2026-04-30,3,plain
1300,"Only downside: return request rejected for no reason. Otherwise the battery life is not bad at all, actually very good.",AirBeat Earbuds,Electronics,battery,positive,Flipkart,2026-04-30,4,mixed
1301,Using this CrispAir Air Fryer for a month now. Really impressed with the cooking performance.,CrispAir Air Fryer,Kitchen,performance,positive,Flipkart,2026-05-01,4,plain
1302,"@Flipkart Oh perfect, the cooking performance broke on day two. Just what I needed.",CrispAir Air Fryer,Kitchen,customer_service,negative,Twitter,2026-05-01,1,sarcasm
1303,@FlipkartSupport Raised a complaint 10 days ago and still no response. 💔 https://t.co/y5d6tktbdc,PowerCore Power Bank,Electronics,customer_service,negative,Twitter,2026-05-01,2,plain
1304,"The display is terrible, but honestly came in really sturdy packaging and that matters more. #loveit 😊",PulseFit Smartwatch 2,Electronics,packaging,positive,Twitter,2026-05-01,4,mixed
1305,Bought this Nova 5G Smartphone after reading the reviews. Return pickup is scheduled for tomorrow. Nothing more to add.,Nova 5G Smartphone,Electronics,returns,neutral,Flipkart,2026-05-02,4,plain
1306,Second CrispAir Air Fryer I have bought from this seller. Can't fault the noise level. Support team was helpful and quick. Highly recommended!,CrispAir Air Fryer,Kitchen,noise,positive,Flipkart,2026-05-02,3,negation
1307,Bought this Lumi LED Desk Lamp after reading the reviews. Dimmer control is standard for this segment. The design is okay.,Lumi LED Desk Lamp,Home & Furniture,adjust,neutral,Flipkart,2026-05-02,3,plain
1308,"Switched to the Nova 5G Smartphone from my old one, still getting used to it.",Nova 5G Smartphone,Electronics,delivery,neutral,Flipkart,2026-05-02,3,wait_and_see
1309,The motor noise works perfectly. #loveit,BlendPro Blender,Kitchen,noise,positive,Twitter,2026-05-02,4,plain
1310,Upgraded to the BlendPro Blender recently. The blending power has been flawless so far but the cleaning stopped working within a week. Average overall. Nothing more to add.,BlendPro Blender,Kitchen,performance,neutral,Flipkart,2026-05-02,2,mixed
1311,@FlipkartSupport Size and fit is completely useless. 💔,StrideRun Running Shoes,Fashion,fit,negative,Twitter,2026-05-02,1,plain
1312,Using this PulseFit Smartwatch 2 for a month now. Got it at a fantastic price in the sale. Very happy with the purchase.,PulseFit Smartwatch 2,Electronics,value,positive,Flipkart,2026-05-02,4,plain
1313,Bought the StrideRun Running Shoes last week. Cushioning is solid and reliable. The look has been flawless so far.,StrideRun Running Shoes,Fashion,comfort,positive,Flipkart,2026-05-02,4,plain
1314,"so far so good, jar quality is superb for the price. The blending power is excellent. 😊",BlendPro Blender,Kitchen,build,positive,Twitter,2026-05-03,5,plain
1315,Bought this StrideRun Running Shoes after reading the reviews. The cushioning is brilliant. Go for it.,StrideRun Running Shoes,Fashion,comfort,positive,Flipkart,2026-05-03,4,plain
1316,Got this Lumi LED Desk Lamp during the sale. The design is awful. Delivered on the expected date. Very disappointed.,Lumi LED Desk Lamp,Home & Furniture,design,negative,Flipkart,2026-05-03,1,plain
1317,@Flipkart Customer care keeps giving me copy-paste replies. #disappointed 😤,BlendPro Blender,Kitchen,customer_service,negative,Twitter,2026-05-03,1,plain
1318,"The cleaning is not just good, it is great. Yes, jar quality gave up after just a few days, but overall I am happy. Five stars from me.",BlendPro Blender,Kitchen,cleaning,positive,Flipkart,2026-05-03,4,mixed
1319,Ordered the CrispAir Air Fryer for my brother. Only downside: the non-stick basket is awful. Otherwise the noise level never disappoints. Highly recommended!,CrispAir Air Fryer,Kitchen,noise,positive,Flipkart,2026-05-03,3,mixed
1320,"Switched to the AirBeat Earbuds from my old one, still getting used to it.",AirBeat Earbuds,Electronics,sound,neutral,Flipkart,2026-05-03,3,wait_and_see
1321,Return pickup is scheduled for tomorrow.,Nova 5G Smartphone,Electronics,returns,neutral,Flipkart,2026-05-04,3,plain
1322,build quality is nowhere near what was promised. still waiting for my refund after three weeks. #scam 😡,ErgoMax Office Chair,Home & Furniture,build,negative,Twitter,2026-05-04,2,negation
1323,Second PulseFit Smartwatch 2 I have bought from this seller. Step and heart-rate tracking is a joke at this price. Avoid this one.,PulseFit Smartwatch 2,Electronics,tracking,negative,Flipkart,2026-05-05,1,plain
1324,Bought this BoomBox Speaker after reading the reviews. Bass is solid and reliable.,BoomBox Speaker,Electronics,sound,positive,Flipkart,2026-05-05,5,plain
1325,"After the latest firmware update, app sync is superb for the price. Very happy with the purchase.",PulseFit Smartwatch 2,Electronics,sync,positive,Flipkart,2026-05-06,4,plain
1326,the charging speed is excellent. 😊,PowerCore Power Bank,Electronics,charging,positive,Twitter,2026-05-06,5,plain
1327,"Ordered the CrispAir Air Fryer for my brother. Sure, support team was helpful and quick, however non-stick basket gave up after just a few days. Avoid this one.",CrispAir Air Fryer,Kitchen,cleaning,negative,Flipkart,2026-05-06,2,mixed
1328,Got this PulseFit Smartwatch 2 during the sale. Step and heart-rate tracking is standard for this segment. Average product overall.,PulseFit Smartwatch 2,Electronics,tracking,neutral,Flipkart,2026-05-06,3,plain
1329,Only downside: noise level is completely useless. Otherwise cooking performance is superb for the price. #unboxing,CrispAir Air Fryer,Kitchen,performance,positive,Twitter,2026-05-06,4,mixed
1330,Order was stuck in transit for days. Do not buy.,BoomBox Speaker,Electronics,delivery,negative,Flipkart,2026-05-07,3,plain
1331,@Flipkart Raised a complaint 10 days ago and still no response. #fail 😡 https://t.co/v201sx5eec,CrispAir Air Fryer,Kitchen,customer_service,negative,Twitter,2026-05-07,1,plain
1332,"Switched to the PulseFit Smartwatch 2 from my old one, still getting used to it. #firstimpressions #newpurchase 📦",PulseFit Smartwatch 2,Electronics,display,neutral,Twitter,2026-05-07,4,wait_and_see
1333,@flipkart battery life gave up after just a few days.,AirBeat Earbuds,Electronics,battery,negative,Twitter,2026-05-07,2,plain
1334,Bought this CrispAir Air Fryer after reading the reviews. The build quality is brilliant. Will buy again.,CrispAir Air Fryer,Kitchen,build,positive,Flipkart,2026-05-07,5,plain
1335,Does the Nova 5G Smartphone support fast charging? Thinking of buying one. Three stars.,Nova 5G Smartphone,Electronics,build,neutral,Flipkart,2026-05-07,3,wait_and_see
1336,Bought this BoomBox Speaker after reading the reviews. Pairing is way better than I expected. Very happy with the purchase.,BoomBox Speaker,Electronics,connectivity,positive,Flipkart,2026-05-08,5,plain
1337,Bought the PowerCore Power Bank last week. The build quality never disappoints. Highly recommended!,PowerCore Power Bank,Electronics,build,positive,Flipkart,2026-05-08,5,negation
1338,Second BoomBox Speaker I have bought from this seller. Got it at a fantastic price in the sale. Return and refund were completely hassle-free. Will buy again.,BoomBox Speaker,Electronics,value,positive,Flipkart,2026-05-08,4,plain
1339,Upgraded to the Lumi LED Desk Lamp recently. Got it at a fantastic price in the sale but still waiting for my refund after three weeks. Average overall.,Lumi LED Desk Lamp,Home & Furniture,value,neutral,Flipkart,2026-05-09,2,mixed
1340,Bought the PulseFit Smartwatch 2 last week. Battery backup is way better than I expected but the app sync is terrible. Average overall. Three stars.,PulseFit Smartwatch 2,Electronics,battery,neutral,Flipkart,2026-05-09,2,mixed
1341,fyi the step and heart-rate tracking does the job. #firstimpressions 📦,PulseFit Smartwatch 2,Electronics,tracking,neutral,Twitter,2026-05-09,4,plain
1342,Really impressed with the build quality. Will buy again.,BoomBox Speaker,Electronics,build,positive,Flipkart,2026-05-10,5,plain
1343,"Replacement arrived within three days. Yes, the jar quality is the worst I have seen, but overall I am happy. Very happy with the purchase.",BlendPro Blender,Kitchen,returns,positive,Flipkart,2026-05-10,4,mixed
1344,Bought this CrispAir Air Fryer after reading the reviews. The cooking performance does the job. Three stars.,CrispAir Air Fryer,Kitchen,performance,neutral,Flipkart,2026-05-10,3,plain
1345,"Using the AirBeat Earbuds for two days now, no strong opinion yet.",AirBeat Earbuds,Electronics,customer_service,neutral,Flipkart,2026-05-11,3,wait_and_see
1346,"Received the Lumi LED Desk Lamp yesterday, will update after a week of use. Average product overall.",Lumi LED Desk Lamp,Home & Furniture,design,neutral,Flipkart,2026-05-11,3,wait_and_see
1347,Bluetooth connection is genuinely the best in this range but the sound quality is not even close to good. Average overall. Nothing more to add.,AirBeat Earbuds,Electronics,connectivity,neutral,Flipkart,2026-05-12,2,mixed
1348,The delivery guy was very polite and on time. #unboxing 👍,BlendPro Blender,Kitchen,delivery,neutral,Twitter,2026-05-12,5,noisy_label
1349,"Bought this PulseFit Smartwatch 2 after reading the reviews. After the latest firmware update, app sync is solid and reliable. Got it at a fantastic price in the sale. Will buy again.",PulseFit Smartwatch 2,Electronics,sync,positive,Flipkart,2026-05-12,5,plain
1350,"Blending power is superb for the price. Yes, not worth the money at all, but overall I am happy. Five stars from me.",BlendPro Blender,Kitchen,performance,positive,Flipkart,2026-05-13,4,mixed
1351,Using this BoomBox Speaker for a month now. Build quality is genuinely the best in this range. Battery backup is solid and reliable. Highly recommended!,BoomBox Speaker,Electronics,build,positive,Flipkart,2026-05-13,4,plain
1352,Really impressed with the display. Delivery took the usual four to five days. #loveit #techreview,PulseFit Smartwatch 2,Electronics,display,positive,Twitter,2026-05-13,5,plain
1353,"@Flipkart ugh, back support is completely useless. #worstservice 🙄",ErgoMax Office Chair,Home & Furniture,comfort,negative,Twitter,2026-05-13,3,plain
1354,"@Flipkart Great value for money, but can't recommend the charging speed to anyone. 😤",PowerCore Power Bank,Electronics,charging,negative,Twitter,2026-05-13,3,mixed
1355,Ordered the AirBeat Earbuds for my brother. Sound quality is standard for this segment. Let's see how it holds up.,AirBeat Earbuds,Electronics,sound,neutral,Flipkart,2026-05-13,3,plain
1356,Using this Nova 5G Smartphone for a month now. Delivery took the usual four to five days. Nothing more to add.,Nova 5G Smartphone,Electronics,delivery,neutral,Flipkart,2026-05-13,4,plain
1357,"Build quality is fine, neither great nor bad. Price is reasonable for what you get. Let's see how it holds up.",PowerCore Power Bank,Electronics,build,neutral,Flipkart,2026-05-14,3,plain
1358,Using this ErgoMax Office Chair for a month now. Great value for money. Will buy again.,ErgoMax Office Chair,Home & Furniture,value,positive,Flipkart,2026-05-14,4,plain
1359,ngl the capacity works perfectly.,PowerCore Power Bank,Electronics,battery,positive,Twitter,2026-05-14,5,plain
1360,"Sure, return and refund were completely hassle-free, however the height adjustment stopped working within a week. #fail #refundplease",ErgoMax Office Chair,Home & Furniture,adjust,negative,Twitter,2026-05-15,3,mixed
1361,"Second AirBeat Earbuds I have bought from this seller. Really impressed with the battery life. Yes, really disappointed with the Bluetooth connection, but overall I am happy.",AirBeat Earbuds,Electronics,battery,positive,Flipkart,2026-05-15,4,mixed
1362,"fyi got the UrbanPack Laptop Backpack as a gift, still setting it up. #unboxing 🤔",UrbanPack Laptop Backpack,Fashion,returns,neutral,Twitter,2026-05-15,2,wait_and_see
1363,cooking performance is genuinely the best in this range. https://t.co/ppyid6xejk,CrispAir Air Fryer,Kitchen,performance,positive,Twitter,2026-05-15,5,plain
1364,Bought the BlendPro Blender last week. Pros: delivery was super quick. Cons: the motor noise feels cheap and flimsy. Mixed feelings. Three stars.,BlendPro Blender,Kitchen,delivery,neutral,Flipkart,2026-05-15,3,mixed
1365,Got this UrbanPack Laptop Backpack during the sale. Shoulder padding is genuinely the best in this range. Replacement arrived within three days. Highly recommended!,UrbanPack Laptop Backpack,Fashion,comfort,positive,Flipkart,2026-05-15,4,plain
1366,"@Flipkart Can't fault the size and fit, but cushioning gave up after just a few days. #worstservice 👎",StrideRun Running Shoes,Fashion,comfort,negative,Twitter,2026-05-15,2,mixed
1367,Upgraded to the ProGlide Gaming Mouse recently. Support chat closed my ticket without fixing anything.,ProGlide Gaming Mouse,Electronics,customer_service,negative,Flipkart,2026-05-16,1,plain
1368,@Flipkart Love how the brightness stops working the moment the warranty card is filed away. Genius. #scam 😤,Lumi LED Desk Lamp,Home & Furniture,brightness,negative,Twitter,2026-05-16,1,sarcasm
1369,can't fault the non-stick basket. #loveit 👍,CrispAir Air Fryer,Kitchen,cleaning,positive,Twitter,2026-05-16,5,negation
1370,Ordered the PulseFit Smartwatch 2 for my brother. The step and heart-rate tracking is okay. Let's see how it holds up.,PulseFit Smartwatch 2,Electronics,tracking,neutral,Flipkart,2026-05-17,3,plain
1371,Ordered the PowerCore Power Bank for my brother. The charging speed has been flawless so far. Go for it.,PowerCore Power Bank,Electronics,charging,neutral,Flipkart,2026-05-17,4,noisy_label
1372,"return request rejected for no reason, but honestly got it at a fantastic price in the sale and that matters more. ❤️",StrideRun Running Shoes,Fashion,value,positive,Twitter,2026-05-17,4,mixed
1373,"sure, delivery was super quick, however the blending power is awful. #scam",BlendPro Blender,Kitchen,performance,negative,Twitter,2026-05-17,2,mixed
1374,Replacement arrived within three days. Came in really sturdy packaging. 😊,CrispAir Air Fryer,Kitchen,returns,positive,Twitter,2026-05-17,5,plain
1375,"@flipkart build quality is solid and reliable, but bass gave up after just a few days.",BoomBox Speaker,Electronics,sound,negative,Twitter,2026-05-17,2,mixed
1376,raised a complaint 10 days ago and still no response. the storage space is not good at all. #disappointed 😡 https://t.co/z1tyn2v8vc,UrbanPack Laptop Backpack,Fashion,customer_service,negative,Twitter,2026-05-17,1,negation
1377,Battery backup is amazing. Highly recommended!,Nova 5G Smartphone,Electronics,battery,positive,Flipkart,2026-05-17,5,plain
1378,Replacement arrived within three days. Absolutely love the cleaning. Five stars from me.,BlendPro Blender,Kitchen,returns,positive,Flipkart,2026-05-18,4,plain
1379,Really impressed with the display. Very happy with the purchase.,PulseFit Smartwatch 2,Electronics,display,positive,Flipkart,2026-05-18,5,plain
1380,Absolutely love the display. #unboxing,PulseFit Smartwatch 2,Electronics,display,positive,Twitter,2026-05-18,5,plain
1381,@flipkartsupport battery drains overnight even when idle. 👎,BoomBox Speaker,Electronics,battery,negative,Twitter,2026-05-18,2,plain
1382,"Ordered the BoomBox Speaker for my brother. The bass is top notch. Yes, the pairing feels cheap and flimsy, but overall I am happy. Will buy again.",BoomBox Speaker,Electronics,sound,positive,Flipkart,2026-05-18,3,mixed
1383,"Packaging was neat and secure. Yes, the app sync is not even close to good, but overall I am happy. #recommended #techreview",PulseFit Smartwatch 2,Electronics,packaging,positive,Twitter,2026-05-18,4,mixed
1384,"The size and fit is not just good, it is great. #unboxing 🔥",StrideRun Running Shoes,Fashion,fit,positive,Twitter,2026-05-19,4,negation
1385,"Switched to the ProGlide Gaming Mouse from my old one, still getting used to it. It's okay for the price.",ProGlide Gaming Mouse,Electronics,software,neutral,Flipkart,2026-05-19,3,wait_and_see
1386,The display stopped working within a week. Battery dies before lunch.,PulseFit Smartwatch 2,Electronics,display,negative,Twitter,2026-05-19,1,plain
1387,The shoulder padding works perfectly. Highly recommended!,UrbanPack Laptop Backpack,Fashion,comfort,positive,Flipkart,2026-05-20,5,plain
1388,"Just unboxed the PulseFit Smartwatch 2, too early to say anything. It's okay for the price.",PulseFit Smartwatch 2,Electronics,display,neutral,Flipkart,2026-05-20,2,wait_and_see
1389,@FlipkartSupport update: really impressed with the display but the battery backup stopped working within a week. Average overall. #newpurchase #unboxing,PulseFit Smartwatch 2,Electronics,display,neutral,Twitter,2026-05-20,2,mixed
1390,"Got this PulseFit Smartwatch 2 during the sale. After the latest firmware update, app sync is genuinely the best in this range. Support team was helpful and quick. Very happy with the purchase.",PulseFit Smartwatch 2,Electronics,sync,positive,Flipkart,2026-05-21,5,plain
1391,"Ordered the PulseFit Smartwatch 2 for my brother. Since the May update, can't fault the battery backup. Very happy with the purchase.",PulseFit Smartwatch 2,Electronics,battery,positive,Flipkart,2026-05-21,5,negation
1392,Does the UrbanPack Laptop Backpack support fast charging? Thinking of buying one. It's okay for the price.,UrbanPack Laptop Backpack,Fashion,comfort,neutral,Flipkart,2026-05-21,2,wait_and_see
1393,"Bought this PulseFit Smartwatch 2 after reading the reviews. After the latest firmware update, the battery backup works perfectly. Very happy with the purchase.",PulseFit Smartwatch 2,Electronics,battery,positive,Flipkart,2026-05-21,4,plain
1394,Bought the ErgoMax Office Chair last week. The delivery person never showed up. Avoid this one.,ErgoMax Office Chair,Home & Furniture,delivery,negative,Flipkart,2026-05-22,3,plain
1395,"Build quality is genuinely the best in this range. Yes, the parcel was delayed three times, but overall I am happy. #unboxing",CrispAir Air Fryer,Kitchen,build,positive,Twitter,2026-05-22,4,mixed
1396,Bought this BlendPro Blender after reading the reviews. Return request rejected for no reason.,BlendPro Blender,Kitchen,returns,negative,Flipkart,2026-05-23,1,plain
1397,"Using this StrideRun Running Shoes for a month now. Really disappointed with the sole durability, but honestly can't fault the look and that matters more. Five stars from me.",StrideRun Running Shoes,Fashion,design,positive,Flipkart,2026-05-23,4,mixed
1398,"Return request rejected for no reason, but honestly delivery was super quick and that matters more. #unboxing ❤️",BoomBox Speaker,Electronics,delivery,positive,Twitter,2026-05-24,3,mixed
1399,Bought this ErgoMax Office Chair after reading the reviews. Support team was helpful and quick. Go for it.,ErgoMax Office Chair,Home & Furniture,customer_service,positive,Flipkart,2026-05-25,5,plain
1400,Does the BlendPro Blender support fast charging? Thinking of buying one. Nothing more to add.,BlendPro Blender,Kitchen,noise,neutral,Flipkart,2026-05-25,3,wait_and_see
1401,Ordered the UrbanPack Laptop Backpack for my brother. The design is okay. Let's see how it holds up.,UrbanPack Laptop Backpack,Fashion,design,neutral,Flipkart,2026-05-25,3,plain
1402,Upgraded to the AirBeat Earbuds recently. The Bluetooth connection is terrible.,AirBeat Earbuds,Electronics,connectivity,negative,Flipkart,2026-05-25,1,plain
1403,@flipkart honestly the build quality is excellent.,BoomBox Speaker,Electronics,build,positive,Twitter,2026-05-26,4,plain
1404,Only downside: the step and heart-rate tracking feels cheap and flimsy. Otherwise arrived a day earlier than promised. #loveit,PulseFit Smartwatch 2,Electronics,delivery,positive,Twitter,2026-05-26,4,mixed
1405,"Ordered the AirBeat Earbuds for my brother. Came in a plain brown box. Battery lasts about a day, which is normal. Average product overall.",AirBeat Earbuds,Electronics,packaging,neutral,Flipkart,2026-05-26,3,plain
1406,The build quality is brilliant. Return and refund were completely hassle-free.,CrispAir Air Fryer,Kitchen,build,positive,Flipkart,2026-05-26,5,plain
1407,Got this AirBeat Earbuds during the sale. Battery life is genuinely the best in this range.,AirBeat Earbuds,Electronics,battery,positive,Flipkart,2026-05-26,5,plain
1408,Upgraded to the UrbanPack Laptop Backpack recently. Support team was helpful and quick but design is far worse than advertised. Average overall. Three stars.,UrbanPack Laptop Backpack,Fashion,customer_service,neutral,Flipkart,2026-05-26,2,mixed
1409,Worth every penny. Design is solid and reliable. #happycustomer #loveit,UrbanPack Laptop Backpack,Fashion,value,positive,Twitter,2026-05-26,5,plain
1410,@flipkartsupport cooking performance is a joke at this price.,CrispAir Air Fryer,Kitchen,performance,negative,Twitter,2026-05-26,2,plain
1411,Second BlendPro Blender I have bought from this seller. Return pickup is scheduled for tomorrow. Three stars.,BlendPro Blender,Kitchen,returns,neutral,Flipkart,2026-05-26,4,plain
1412,"the pairing works perfectly, although total waste of money, so it balances out. 🤔",BoomBox Speaker,Electronics,connectivity,neutral,Twitter,2026-05-27,2,mixed
1413,The motor noise is excellent. Very happy with the purchase.,BlendPro Blender,Kitchen,noise,positive,Flipkart,2026-05-27,5,plain
1414,Bought the ErgoMax Office Chair last week. Support said a technician will visit next week.,ErgoMax Office Chair,Home & Furniture,customer_service,neutral,Flipkart,2026-05-27,2,plain
1415,The dimmer control is excellent. Got it at a fantastic price in the sale.,Lumi LED Desk Lamp,Home & Furniture,adjust,positive,Flipkart,2026-05-27,4,plain
1416,Order was stuck in transit for days. Box arrived crushed and the seal was broken. 🙄,ErgoMax Office Chair,Home & Furniture,delivery,negative,Twitter,2026-05-27,1,plain
1417,"Since the May update, the app sync is not bad at all, actually very good. Very happy with the purchase.",PulseFit Smartwatch 2,Electronics,sync,positive,Flipkart,2026-05-28,4,negation
1418,"Packaging was torn and the item was scratched, but honestly customer support solved my issue in minutes and that matters more.",PulseFit Smartwatch 2,Electronics,customer_service,positive,Twitter,2026-05-28,4,mixed
1419,"Ordered the AirBeat Earbuds today, let's see how it goes.",AirBeat Earbuds,Electronics,returns,neutral,Flipkart,2026-05-28,2,wait_and_see
1420,Absolutely love the noise level. https://t.co/tgyw0vukmb,CrispAir Air Fryer,Kitchen,noise,positive,Twitter,2026-05-28,5,plain
1421,"Ordered the BoomBox Speaker for my brother. Wow, the pairing lasts a whole two hours. Brilliant engineering.",BoomBox Speaker,Electronics,connectivity,negative,Flipkart,2026-05-28,1,sarcasm
1422,"Bought this ProGlide Gaming Mouse after reading the reviews. Absolutely love the grip. Yes, the RGB software is terrible, but overall I am happy. Will buy again.",ProGlide Gaming Mouse,Electronics,comfort,positive,Flipkart,2026-05-28,4,mixed
1423,"so far so good, delivered on time, no fuss. replacement arrived within three days. 🔥",ProGlide Gaming Mouse,Electronics,delivery,positive,Twitter,2026-05-29,5,plain
1424,"Upgraded to the UrbanPack Laptop Backpack recently. The stitching is not just good, it is great. Contacted support to check the warranty, they explained the process. Go for it.",UrbanPack Laptop Backpack,Fashion,durability,positive,Flipkart,2026-05-29,5,negation
1425,"Switched to the StrideRun Running Shoes from my old one, still getting used to it. It's okay for the price.",StrideRun Running Shoes,Fashion,packaging,neutral,Flipkart,2026-05-29,3,wait_and_see
1426,Got this PulseFit Smartwatch 2 during the sale. The step and heart-rate tracking has been flawless so far. Five stars from me.,PulseFit Smartwatch 2,Electronics,tracking,positive,Flipkart,2026-05-29,5,plain
1427,The design is okay. Average product overall.,UrbanPack Laptop Backpack,Fashion,design,neutral,Flipkart,2026-05-30,4,plain
1428,Still waiting for my refund after three weeks. 😡,Nova 5G Smartphone,Electronics,returns,negative,Twitter,2026-05-30,1,plain
1429,ngl blending power is genuinely the best in this range. Delivery was super quick. #happycustomer,BlendPro Blender,Kitchen,performance,positive,Twitter,2026-05-30,3,plain
1430,"Switched to the BoomBox Speaker from my old one, still getting used to it. Average product overall.",BoomBox Speaker,Electronics,value,neutral,Flipkart,2026-05-30,3,wait_and_see
1431,Second AirBeat Earbuds I have bought from this seller. Sound quality gave up after just a few days.,AirBeat Earbuds,Electronics,sound,negative,Flipkart,2026-05-31,1,plain
1432,Ordered the UrbanPack Laptop Backpack for my brother. Return and refund were completely hassle-free. Packaging was neat and secure. Will buy again.,UrbanPack Laptop Backpack,Fashion,returns,positive,Flipkart,2026-05-31,5,plain
1433,Requested an exchange for a different size.,ProGlide Gaming Mouse,Electronics,returns,neutral,Flipkart,2026-05-31,4,plain
1434,"The stitching is top notch, but customer care keeps giving me copy-paste replies. #worstservice #refundplease 🙄",UrbanPack Laptop Backpack,Fashion,customer_service,negative,Twitter,2026-06-01,2,mixed
1435,Using this AirBeat Earbuds for a month now. Absolutely love the fit in the ear. Five stars from me.,AirBeat Earbuds,Electronics,comfort,positive,Flipkart,2026-06-01,5,plain
1436,packaging was neat and secure. return and refund were completely hassle-free. #loveit 😊,StrideRun Running Shoes,Fashion,packaging,positive,Twitter,2026-06-01,4,plain
1437,@flipkart the motor noise is not worth the money. 😡,BlendPro Blender,Kitchen,noise,negative,Twitter,2026-06-01,3,negation
1438,Upgraded to the BlendPro Blender recently. The cleaning is brilliant. Will buy again.,BlendPro Blender,Kitchen,cleaning,positive,Flipkart,2026-06-01,5,plain
1439,The non-stick basket has been flawless so far but seriously overpriced for what you get. Average overall.,CrispAir Air Fryer,Kitchen,cleaning,neutral,Flipkart,2026-06-01,2,mixed
1440,honestly the sole durability works perfectly. Really impressed with the look. 😊,StrideRun Running Shoes,Fashion,durability,positive,Twitter,2026-06-01,5,plain
1441,"Bought the PulseFit Smartwatch 2 last week. Step and heart-rate tracking is way better than I expected. Yes, customer care keeps giving me copy-paste replies, but overall I am happy. Go for it.",PulseFit Smartwatch 2,Electronics,tracking,positive,Flipkart,2026-06-01,4,mixed
1442,"Battery lasts about a day, which is normal.",BoomBox Speaker,Electronics,battery,neutral,Flipkart,2026-06-02,3,plain
1443,Upgraded to the BlendPro Blender recently. Pros: the cleaning is excellent. Cons: the jar quality is the worst I have seen. Mixed feelings. Nothing more to add.,BlendPro Blender,Kitchen,cleaning,neutral,Flipkart,2026-06-02,3,mixed
1444,Upgraded to the AirBeat Earbuds recently. Only downside: really disappointed with the battery life. Otherwise fit in the ear is way better than I expected. Very happy with the purchase.,AirBeat Earbuds,Electronics,comfort,positive,Flipkart,2026-06-02,4,mixed
1445,"honestly packaging was torn and the item was scratched, but honestly charging speed is solid and reliable and that matters more. 😊 https://t.co/uey1gqmwb1",PowerCore Power Bank,Electronics,charging,positive,Twitter,2026-06-02,4,mixed
1446,Got it at a fantastic price in the sale.,PulseFit Smartwatch 2,Electronics,value,positive,Flipkart,2026-06-03,5,plain
1447,"@flipkartsupport sure, the brightness is brilliant, however support chat closed my ticket without fixing anything. #disappointed #refundplease 🙄",Lumi LED Desk Lamp,Home & Furniture,customer_service,negative,Twitter,2026-06-03,2,mixed
1448,Ordered the PowerCore Power Bank for my brother. The capacity is brilliant. Very happy with the purchase.,PowerCore Power Bank,Electronics,battery,positive,Flipkart,2026-06-03,4,plain
1449,@Flipkart The parcel was delayed three times.,PowerCore Power Bank,Electronics,delivery,negative,Twitter,2026-06-04,3,plain
1450,"@FlipkartSupport unbelievable, customer care keeps giving me copy-paste replies. #disappointed",ProGlide Gaming Mouse,Electronics,customer_service,negative,Twitter,2026-06-04,2,plain
1451,"Since the May update, battery backup is superb for the price. #unboxing 😍 https://t.co/d60vdx7313",PulseFit Smartwatch 2,Electronics,battery,positive,Twitter,2026-06-04,4,plain
1452,"Using the Nova 5G Smartphone for two days now, no strong opinion yet. #firstimpressions 📦",Nova 5G Smartphone,Electronics,performance,neutral,Twitter,2026-06-04,3,wait_and_see
1453,Second UrbanPack Laptop Backpack I have bought from this seller. The design is as described. Three stars.,UrbanPack Laptop Backpack,Fashion,design,neutral,Flipkart,2026-06-04,3,plain
1454,Using this PulseFit Smartwatch 2 for a month now. Step and heart-rate tracking is genuinely the best in this range. Highly recommended!,PulseFit Smartwatch 2,Electronics,tracking,positive,Flipkart,2026-06-05,5,plain
1455,"unbelievable, came in really sturdy packaging, but keeps disconnecting from the app. #scam #disappointed https://t.co/pethfw637k",PulseFit Smartwatch 2,Electronics,sync,negative,Twitter,2026-06-05,2,mixed
1456,Bought this ProGlide Gaming Mouse after reading the reviews. Really impressed with the click feel.,ProGlide Gaming Mouse,Electronics,build,positive,Flipkart,2026-06-05,4,plain
1457,"Delivered on time, no fuss. Return and refund were completely hassle-free. Go for it.",Lumi LED Desk Lamp,Home & Furniture,delivery,positive,Flipkart,2026-06-05,5,plain
1458,"The parcel was delayed three times, but honestly absolutely love the display and that matters more.",PulseFit Smartwatch 2,Electronics,display,positive,Flipkart,2026-06-05,4,mixed
1459,Bought the ProGlide Gaming Mouse last week. Only downside: the delivery person never showed up. Otherwise the RGB software is brilliant. Very happy with the purchase.,ProGlide Gaming Mouse,Electronics,software,positive,Flipkart,2026-06-05,4,mixed
1460,Heat management is way better than I expected. Priced about the same as other brands. Very happy with the purchase.,PowerCore Power Bank,Electronics,heat,positive,Flipkart,2026-06-05,5,plain
1461,Using this UrbanPack Laptop Backpack for a month now. Storage space is solid and reliable.,UrbanPack Laptop Backpack,Fashion,space,positive,Flipkart,2026-06-05,5,plain
1462,"@Flipkart The cooking performance is not even close to good, but honestly really impressed with the build quality and that matters more. #loveit ❤️",CrispAir Air Fryer,Kitchen,build,positive,Twitter,2026-06-06,4,mixed
1463,Pros: build quality is way better than I expected. Cons: the delivery person never showed up. Mixed feelings.,CrispAir Air Fryer,Kitchen,build,neutral,Flipkart,2026-06-06,3,mixed
1464,"@FlipkartSupport ugh, customer care keeps giving me copy-paste replies. #refundplease 😤",PulseFit Smartwatch 2,Electronics,customer_service,negative,Twitter,2026-06-06,2,plain
1465,Using this PowerCore Power Bank for a month now. The heat management is the worst I have seen. Very disappointed.,PowerCore Power Bank,Electronics,heat,negative,Flipkart,2026-06-07,2,plain
1466,Upgraded to the PulseFit Smartwatch 2 recently. The delivery guy was very polite and on time. Step and heart-rate tracking is standard for this segment. Go for it.,PulseFit Smartwatch 2,Electronics,delivery,positive,Flipkart,2026-06-07,4,plain
1467,"Using the ErgoMax Office Chair for two days now, no strong opinion yet. #unboxing https://t.co/rk74uv175e",ErgoMax Office Chair,Home & Furniture,adjust,neutral,Twitter,2026-06-07,3,wait_and_see
1468,Bought this ProGlide Gaming Mouse after reading the reviews. The click feel stopped working within a week. Customer care keeps giving me copy-paste replies.,ProGlide Gaming Mouse,Electronics,build,negative,Flipkart,2026-06-08,2,plain
1469,Second ErgoMax Office Chair I have bought from this seller. Thanks for the ErgoMax Office Chair that heats up like a stove. Really appreciate it.,ErgoMax Office Chair,Home & Furniture,adjust,negative,Flipkart,2026-06-09,1,sarcasm
1470,Requested an exchange for a different size. Price is reasonable for what you get. Nothing more to add.,PulseFit Smartwatch 2,Electronics,returns,neutral,Flipkart,2026-06-09,4,plain
1471,Upgraded to the ErgoMax Office Chair recently. Assembly gave up after just a few days. Returning it.,ErgoMax Office Chair,Home & Furniture,assembly,negative,Flipkart,2026-06-09,1,plain
1472,@FlipkartSupport The height adjustment is awful. #refundplease,ErgoMax Office Chair,Home & Furniture,adjust,negative,Twitter,2026-06-10,1,plain
1473,Bought the Nova 5G Smartphone last week. Return and refund were completely hassle-free.,Nova 5G Smartphone,Electronics,returns,positive,Flipkart,2026-06-10,4,plain
1474,Ordered the BoomBox Speaker for my brother. The build quality works perfectly.,BoomBox Speaker,Electronics,build,positive,Flipkart,2026-06-10,5,plain
1475,"Bought this PulseFit Smartwatch 2 after reading the reviews. Wow, the battery backup lasts a whole two hours. Brilliant engineering.",PulseFit Smartwatch 2,Electronics,battery,negative,Flipkart,2026-06-10,1,sarcasm
1476,Second PulseFit Smartwatch 2 I have bought from this seller. Box arrived crushed and the seal was broken. Price is reasonable for what you get.,PulseFit Smartwatch 2,Electronics,packaging,negative,Flipkart,2026-06-10,1,plain
1477,Step and heart-rate tracking is solid and reliable.,PulseFit Smartwatch 2,Electronics,tracking,positive,Twitter,2026-06-10,5,plain
1478,Got this UrbanPack Laptop Backpack during the sale. The design is top notch but packaging was torn and the item was scratched. Average overall. Average product overall.,UrbanPack Laptop Backpack,Fashion,design,neutral,Flipkart,2026-06-10,2,mixed
1479,Only downside: raised a complaint 10 days ago and still no response. Otherwise got it at a fantastic price in the sale. #loveit #happycustomer,ErgoMax Office Chair,Home & Furniture,value,positive,Twitter,2026-06-11,3,mixed
1480,Upgraded to the CrispAir Air Fryer recently. Non-stick basket is genuinely the best in this range. Highly recommended!,CrispAir Air Fryer,Kitchen,cleaning,positive,Flipkart,2026-06-11,5,plain
1481,The step and heart-rate tracking is excellent. Great value for money. 😍 https://t.co/taue603xf1,PulseFit Smartwatch 2,Electronics,tracking,positive,Twitter,2026-06-11,4,plain
1482,Bought the AirBeat Earbuds last week. Fit in the ear is far worse than advertised. Support chat closed my ticket without fixing anything. Very disappointed.,AirBeat Earbuds,Electronics,comfort,negative,Flipkart,2026-06-11,2,plain
1483,Using this StrideRun Running Shoes for a month now. The sole durability is about what you would expect. Priced about the same as other brands.,StrideRun Running Shoes,Fashion,durability,neutral,Flipkart,2026-06-11,3,plain
1484,Bought the CrispAir Air Fryer last week. Build quality is superb for the price. Five stars from me.,CrispAir Air Fryer,Kitchen,build,positive,Flipkart,2026-06-11,5,plain
1485,"shoulder padding is fine, neither great nor bad. the stitching is as described. #firstimpressions #newpurchase",UrbanPack Laptop Backpack,Fashion,comfort,neutral,Twitter,2026-06-12,3,plain
1486,"Bought this Nova 5G Smartphone after reading the reviews. Still waiting for my refund after three weeks, but honestly battery life is way better than I expected and that matters more. Very happy with the purchase.",Nova 5G Smartphone,Electronics,battery,positive,Flipkart,2026-06-12,4,mixed
1487,Using this BlendPro Blender for a month now. Motor noise is solid and reliable. Very happy with the purchase.,BlendPro Blender,Kitchen,noise,positive,Flipkart,2026-06-12,5,plain
1488,Absolutely love the battery life. The camera works perfectly. Very happy with the purchase.,Nova 5G Smartphone,Electronics,battery,positive,Flipkart,2026-06-13,4,plain
1489,seriously overpriced for what you get. packaging was torn and the item was scratched. 🙄,PulseFit Smartwatch 2,Electronics,value,negative,Twitter,2026-06-13,2,plain
1490,"@flipkart oh perfect, the build quality broke on day two. just what i needed.",Lumi LED Desk Lamp,Home & Furniture,customer_service,negative,Twitter,2026-06-13,1,sarcasm
1491,Worth every penny. The build quality is excellent.,CrispAir Air Fryer,Kitchen,value,positive,Flipkart,2026-06-13,4,plain
1492,"@flipkartsupport received the crispair air fryer yesterday, will update after a week of use. #newpurchase #shopping",CrispAir Air Fryer,Kitchen,packaging,neutral,Twitter,2026-06-13,3,wait_and_see
1493,"Got this BlendPro Blender during the sale. The jar quality is about what you would expect. Cleaning is fine, neither great nor bad. Average product overall.",BlendPro Blender,Kitchen,build,neutral,Flipkart,2026-06-13,3,plain
1494,"ugh, support chat closed my ticket without fixing anything. #scam #refundplease 🙄",ProGlide Gaming Mouse,Electronics,customer_service,negative,Twitter,2026-06-13,2,plain
1495,Second CrispAir Air Fryer I have bought from this seller. Really impressed with the noise level. Worth every penny. Go for it.,CrispAir Air Fryer,Kitchen,noise,positive,Flipkart,2026-06-14,5,plain
1496,@Flipkart tbh really impressed with the step and heart-rate tracking. Customer support solved my issue in minutes. #unboxing #recommended ❤️,PulseFit Smartwatch 2,Electronics,tracking,positive,Twitter,2026-06-14,5,plain
1497,the cleaning does the job. came in a plain brown box. 🙂,BlendPro Blender,Kitchen,cleaning,neutral,Twitter,2026-06-14,4,plain
1498,"Using the ProGlide Gaming Mouse for two days now, no strong opinion yet. Nothing more to add.",ProGlide Gaming Mouse,Electronics,comfort,neutral,Flipkart,2026-06-14,4,wait_and_see
1499,"Just unboxed the Lumi LED Desk Lamp, too early to say anything.",Lumi LED Desk Lamp,Home & Furniture,delivery,neutral,Flipkart,2026-06-14,3,wait_and_see
1500,"Replacement arrived within three days. Yes, battery drains overnight even when idle, but overall I am happy. Will buy again.",Nova 5G Smartphone,Electronics,returns,positive,Flipkart,2026-06-15,4,mixed
1501,"Using the Nova 5G Smartphone for two days now, no strong opinion yet.",Nova 5G Smartphone,Electronics,delivery,neutral,Flipkart,2026-06-16,2,wait_and_see
1502,Using this Lumi LED Desk Lamp for a month now. Dimmer control is way better than I expected. Go for it.,Lumi LED Desk Lamp,Home & Furniture,adjust,positive,Flipkart,2026-06-16,5,plain
1503,@Flipkart The step and heart-rate tracking stopped working within a week. #worstservice #fail 🙄,PulseFit Smartwatch 2,Electronics,tracking,negative,Twitter,2026-06-16,1,plain
1504,"Oh perfect, the click feel broke on day two. Just what I needed.",ProGlide Gaming Mouse,Electronics,build,negative,Flipkart,2026-06-17,1,sarcasm
1505,"delivery was super quick. yes, can't recommend the display to anyone, but overall i am happy. 😍",PulseFit Smartwatch 2,Electronics,delivery,positive,Twitter,2026-06-17,4,mixed
1506,"Raised a complaint 10 days ago and still no response, but honestly replacement arrived within three days and that matters more. #recommended ❤️",UrbanPack Laptop Backpack,Fashion,returns,positive,Twitter,2026-06-17,4,mixed
1507,"Switched to the CrispAir Air Fryer from my old one, still getting used to it.",CrispAir Air Fryer,Kitchen,returns,neutral,Flipkart,2026-06-17,3,wait_and_see
1508,Blending power is way better than I expected. Highly recommended!,BlendPro Blender,Kitchen,performance,positive,Flipkart,2026-06-17,5,plain
1509,Does the ProGlide Gaming Mouse support fast charging? Thinking of buying one. Average product overall.,ProGlide Gaming Mouse,Electronics,value,neutral,Flipkart,2026-06-17,3,wait_and_see
1510,Using this Nova 5G Smartphone for a month now. Can't fault the performance. Build quality is superb for the price. Go for it.,Nova 5G Smartphone,Electronics,performance,positive,Flipkart,2026-06-18,4,negation
1511,Does the StrideRun Running Shoes support fast charging? Thinking of buying one.,StrideRun Running Shoes,Fashion,fit,neutral,Flipkart,2026-06-18,3,wait_and_see
1512,Got this CrispAir Air Fryer during the sale. Only downside: still waiting for my refund after three weeks. Otherwise absolutely love the build quality. Highly recommended!,CrispAir Air Fryer,Kitchen,build,positive,Flipkart,2026-06-18,4,mixed
1513,Second PulseFit Smartwatch 2 I have bought from this seller. Delivery was neither fast nor slow. App sync works most of the time. Nothing more to add.,PulseFit Smartwatch 2,Electronics,delivery,neutral,Flipkart,2026-06-18,3,plain
1514,does the airbeat earbuds support fast charging? thinking of buying one. #shopping #newpurchase,AirBeat Earbuds,Electronics,sound,neutral,Twitter,2026-06-18,3,wait_and_see
1515,honestly support team was helpful and quick. Return and refund were completely hassle-free. #recommended #happycustomer ❤️,PulseFit Smartwatch 2,Electronics,customer_service,positive,Twitter,2026-06-19,4,plain
1516,"Using this CrispAir Air Fryer for a month now. The cooking performance is not bad at all, actually very good. Yes, not worth the money at all, but overall I am happy. Highly recommended!",CrispAir Air Fryer,Kitchen,performance,positive,Flipkart,2026-06-19,4,mixed
1517,"Upgraded to the StrideRun Running Shoes recently. Sole durability is fine, neither great nor bad. Cushioning is decent for daily use. Let's see how it holds up.",StrideRun Running Shoes,Fashion,durability,neutral,Flipkart,2026-06-19,3,plain
1518,"Got this StrideRun Running Shoes during the sale. The cushioning is brilliant. Yes, support chat closed my ticket without fixing anything, but overall I am happy. Five stars from me.",StrideRun Running Shoes,Fashion,comfort,positive,Flipkart,2026-06-19,4,mixed
1519,Ordered the ErgoMax Office Chair for my brother. The height adjustment is excellent.,ErgoMax Office Chair,Home & Furniture,adjust,positive,Flipkart,2026-06-19,5,plain
1520,ngl packaging was neat and secure. #loveit 👍,ProGlide Gaming Mouse,Electronics,packaging,positive,Twitter,2026-06-19,5,plain
1521,tbh only downside: support chat closed my ticket without fixing anything. Otherwise the jar quality is excellent. #recommended #loveit,BlendPro Blender,Kitchen,build,positive,Twitter,2026-06-20,4,mixed
1522,"Pairing is completely useless, but honestly the build quality has been flawless so far and that matters more. #happycustomer",BoomBox Speaker,Electronics,build,positive,Twitter,2026-06-21,4,mixed
1523,"Second Nova 5G Smartphone I have bought from this seller. Return and refund were completely hassle-free, but not worth the money at all. Avoid this one.",Nova 5G Smartphone,Electronics,value,negative,Flipkart,2026-06-21,2,mixed
1524,The display has been flawless so far but box arrived crushed and the seal was broken. Average overall.,PulseFit Smartwatch 2,Electronics,display,neutral,Flipkart,2026-06-21,2,mixed
1525,"Ordered the PulseFit Smartwatch 2 for my brother. Step and heart-rate tracking is genuinely the best in this range. Yes, battery drains overnight even when idle, but overall I am happy.",PulseFit Smartwatch 2,Electronics,tracking,positive,Flipkart,2026-06-21,3,mixed
1526,The click feel never disappoints. #unboxing,ProGlide Gaming Mouse,Electronics,build,positive,Twitter,2026-06-22,5,negation
1527,Bought this Nova 5G Smartphone after reading the reviews. The camera is not good at all. Box arrived crushed and the seal was broken. Very disappointed.,Nova 5G Smartphone,Electronics,camera,negative,Flipkart,2026-06-22,1,negation
1528,@Flipkart tbh support chat closed my ticket without fixing anything. Box arrived crushed and the seal was broken. 👎,ErgoMax Office Chair,Home & Furniture,customer_service,negative,Twitter,2026-06-23,1,plain
1529,Using this ErgoMax Office Chair for a month now. Seriously overpriced for what you get. Build quality is nowhere near what was promised.,ErgoMax Office Chair,Home & Furniture,value,negative,Flipkart,2026-06-23,3,negation
1530,Second Lumi LED Desk Lamp I have bought from this seller. The brightness is okay. Return pickup is scheduled for tomorrow. It's okay for the price.,Lumi LED Desk Lamp,Home & Furniture,brightness,neutral,Flipkart,2026-06-23,3,plain
1531,"Got the PulseFit Smartwatch 2 as a gift, still setting it up. Average product overall.",PulseFit Smartwatch 2,Electronics,delivery,neutral,Flipkart,2026-06-23,3,wait_and_see
1532,"Pairing is completely useless, but honestly delivered on time, no fuss and that matters more.",BoomBox Speaker,Electronics,delivery,positive,Twitter,2026-06-23,4,mixed
1533,the brightness is awful.,Lumi LED Desk Lamp,Home & Furniture,brightness,negative,Twitter,2026-06-23,3,plain
1534,Using this PulseFit Smartwatch 2 for a month now. Return and refund were completely hassle-free. Five stars from me.,PulseFit Smartwatch 2,Electronics,returns,positive,Flipkart,2026-06-24,5,plain
1535,"@Flipkart Customer support solved my issue in minutes, although the battery life is the worst I have seen, so it balances out. 🙂",AirBeat Earbuds,Electronics,customer_service,neutral,Twitter,2026-06-24,3,mixed
1536,@Flipkart The motor noise is terrible. #scam #refundplease https://t.co/b8fqcdf07k,BlendPro Blender,Kitchen,noise,negative,Twitter,2026-06-24,1,plain
1537,"Design is average, nothing special. Brightness is standard for this segment. Let's see how it holds up.",Lumi LED Desk Lamp,Home & Furniture,design,neutral,Flipkart,2026-06-25,3,plain
1538,Replacement arrived within three days. Highly recommended!,ErgoMax Office Chair,Home & Furniture,returns,positive,Flipkart,2026-06-25,5,plain
1539,"Ordered the Nova 5G Smartphone today, let's see how it goes. Three stars.",Nova 5G Smartphone,Electronics,battery,neutral,Flipkart,2026-06-25,4,wait_and_see
1540,"@flipkart wow, the stitching lasts a whole two hours. brilliant engineering. ❤️ https://t.co/jztgh8kfa5",UrbanPack Laptop Backpack,Fashion,durability,negative,Twitter,2026-06-25,1,sarcasm
1541,seriously raised a complaint 10 days ago and still no response.,PulseFit Smartwatch 2,Electronics,customer_service,negative,Twitter,2026-06-26,1,plain
1542,Arrived a day earlier than promised. Five stars from me.,ProGlide Gaming Mouse,Electronics,delivery,positive,Flipkart,2026-06-26,5,plain
1543,honestly the performance is top notch. Customer support solved my issue in minutes. #loveit 😊,Nova 5G Smartphone,Electronics,performance,positive,Twitter,2026-06-26,3,plain
1544,Second ErgoMax Office Chair I have bought from this seller. The back support is top notch.,ErgoMax Office Chair,Home & Furniture,comfort,positive,Flipkart,2026-06-26,4,plain
1545,return and refund were completely hassle-free. came in a plain brown box. 👍,BoomBox Speaker,Electronics,returns,positive,Twitter,2026-06-26,4,plain
1546,@flipkart packaging was neat and secure. really impressed with the pairing. #unboxing,BoomBox Speaker,Electronics,packaging,positive,Twitter,2026-06-27,5,plain
1547,"Switched to the PowerCore Power Bank from my old one, still getting used to it. Average product overall.",PowerCore Power Bank,Electronics,heat,neutral,Flipkart,2026-06-27,4,wait_and_see
1548,The cooking performance is top notch. Very happy with the purchase.,CrispAir Air Fryer,Kitchen,performance,positive,Flipkart,2026-06-27,5,plain
1549,Second Lumi LED Desk Lamp I have bought from this seller. Packaging was neat and secure. Support team was helpful and quick. Go for it.,Lumi LED Desk Lamp,Home & Furniture,packaging,positive,Flipkart,2026-06-28,4,plain
1550,Got this ErgoMax Office Chair during the sale. Support chat closed my ticket without fixing anything. The back support is the worst I have seen. Avoid this one.,ErgoMax Office Chair,Home & Furniture,customer_service,negative,Flipkart,2026-06-28,2,plain
1551,"Ordered the Nova 5G Smartphone for my brother. Battery life is solid and reliable, although the performance stopped working within a week, so it balances out. Nothing more to add.",Nova 5G Smartphone,Electronics,battery,positive,Flipkart,2026-06-28,2,noisy_label
1552,"@flipkart delivery was rescheduled again and again, even though the fit in the ear is brilliant. #fail #worstservice",AirBeat Earbuds,Electronics,delivery,negative,Twitter,2026-06-28,2,mixed
1553,"Using this StrideRun Running Shoes for a month now. The cushioning is not worth the money, even though fits true to size. Regret buying it.",StrideRun Running Shoes,Fashion,comfort,negative,Flipkart,2026-06-28,2,mixed
1554,Got this ProGlide Gaming Mouse during the sale. Click feel is way better than I expected. Support team was helpful and quick.,ProGlide Gaming Mouse,Electronics,build,positive,Flipkart,2026-06-28,5,plain
1555,@FlipkartSupport seriously the motor noise is not good at all. Seriously overpriced for what you get. 💔,BlendPro Blender,Kitchen,noise,negative,Twitter,2026-06-29,1,negation
1556,Got this ErgoMax Office Chair during the sale. The back support is as described. The build quality is about what you would expect. Average product overall.,ErgoMax Office Chair,Home & Furniture,comfort,neutral,Flipkart,2026-06-29,2,plain
1557,fyi does the UrbanPack Laptop Backpack support fast charging? Thinking of buying one.,UrbanPack Laptop Backpack,Fashion,comfort,neutral,Twitter,2026-06-29,3,wait_and_see
1558,Upgraded to the UrbanPack Laptop Backpack recently. Can't fault the stitching. Great value for money.,UrbanPack Laptop Backpack,Fashion,durability,positive,Flipkart,2026-06-29,4,negation
1559,Second BlendPro Blender I have bought from this seller. Price is reasonable for what you get. It's okay for the price.,BlendPro Blender,Kitchen,value,neutral,Flipkart,2026-06-30,3,plain
1560,Click feel is superb for the price. Support team was helpful and quick. Highly recommended!,ProGlide Gaming Mouse,Electronics,build,positive,Flipkart,2026-06-30,5,plain
1561,Got this ProGlide Gaming Mouse during the sale. Came in really sturdy packaging. Go for it.,ProGlide Gaming Mouse,Electronics,packaging,positive,Flipkart,2026-06-30,5,plain
1562,Bought this Lumi LED Desk Lamp after reading the reviews. No complaints at all about the design. Got it at a fantastic price in the sale. Five stars from me.,Lumi LED Desk Lamp,Home & Furniture,design,positive,Flipkart,2026-06-30,5,negation
1563,"The motor noise is not bad at all, actually very good. Delivered on the expected date. #unboxing",BlendPro Blender,Kitchen,noise,positive,Twitter,2026-06-30,4,negation
1564,Ordered the BlendPro Blender for my brother. Cleaning is completely useless. Regret buying it.,BlendPro Blender,Kitchen,cleaning,negative,Flipkart,2026-06-30,3,plain
1565,Got this BlendPro Blender during the sale. Requested an exchange for a different size. Let's see how it holds up.,BlendPro Blender,Kitchen,returns,neutral,Flipkart,2026-06-30,2,plain
1566,"The cleaning is the worst I have seen, even though replacement arrived within three days. Returning it.",BlendPro Blender,Kitchen,cleaning,negative,Flipkart,2026-06-30,3,mixed
1567,"Support team was helpful and quick. Yes, order was stuck in transit for days, but overall I am happy. Go for it.",ProGlide Gaming Mouse,Electronics,customer_service,positive,Flipkart,2026-07-01,4,mixed
1568,Seriously overpriced for what you get. Order was stuck in transit for days. Do not buy.,Nova 5G Smartphone,Electronics,value,negative,Flipkart,2026-07-01,3,plain
1569,Bought this BoomBox Speaker after reading the reviews. Only downside: build quality is a joke at this price. Otherwise sound is crisp and the bass is punchy. Five stars from me.,BoomBox Speaker,Electronics,sound,positive,Flipkart,2026-07-01,3,mixed
1570,"Bought the PulseFit Smartwatch 2 last week. Can't recommend the battery backup to anyone, but honestly got it at a fantastic price in the sale and that matters more. Highly recommended!",PulseFit Smartwatch 2,Electronics,value,positive,Flipkart,2026-07-02,4,mixed
1571,@flipkart the delivery person never showed up. #refundplease,PowerCore Power Bank,Electronics,delivery,negative,Twitter,2026-07-02,1,plain
1572,Bought the PulseFit Smartwatch 2 last week. The battery backup is brilliant but return request rejected for no reason. Average overall.,PulseFit Smartwatch 2,Electronics,battery,neutral,Flipkart,2026-07-03,2,mixed
1573,Support said a technician will visit next week. App sync is decent for daily use.,PulseFit Smartwatch 2,Electronics,customer_service,neutral,Twitter,2026-07-03,3,plain
1574,Second UrbanPack Laptop Backpack I have bought from this seller. Stitching is way better than I expected. Replacement arrived within three days. Five stars from me.,UrbanPack Laptop Backpack,Fashion,durability,positive,Flipkart,2026-07-03,5,plain
1575,The delivery person never showed up. Do not buy.,BlendPro Blender,Kitchen,delivery,negative,Flipkart,2026-07-03,3,plain
1576,Bought this PulseFit Smartwatch 2 after reading the reviews. Delivery was super quick. Very happy with the purchase.,PulseFit Smartwatch 2,Electronics,delivery,positive,Flipkart,2026-07-03,4,plain
1577,"Since the May update, the battery backup is not just good, it is great. Yes, really disappointed with the step and heart-rate tracking, but overall I am happy.",PulseFit Smartwatch 2,Electronics,battery,neutral,Flipkart,2026-07-03,4,noisy_label
1578,"The build quality is not bad at all, actually very good. Can't fault the capacity.",PowerCore Power Bank,Electronics,build,positive,Flipkart,2026-07-04,5,negation
1579,Bought this PulseFit Smartwatch 2 after reading the reviews. Absolutely love the display.,PulseFit Smartwatch 2,Electronics,display,positive,Flipkart,2026-07-04,5,plain
1580,The delivery guy was very polite and on time. Five stars from me.,Nova 5G Smartphone,Electronics,delivery,positive,Flipkart,2026-07-04,4,plain
1581,"Switched to the Nova 5G Smartphone from my old one, still getting used to it. Average product overall.",Nova 5G Smartphone,Electronics,build,neutral,Flipkart,2026-07-04,3,wait_and_see
1582,"Step and heart-rate tracking is far worse than advertised, but honestly got it at a fantastic price in the sale and that matters more. 😍",PulseFit Smartwatch 2,Electronics,value,positive,Twitter,2026-07-04,4,mixed
1583,@Flipkart ngl worth every penny. #happycustomer #unboxing ❤️,Nova 5G Smartphone,Electronics,value,positive,Twitter,2026-07-04,5,plain
1584,tbh great value for money.,CrispAir Air Fryer,Kitchen,value,positive,Twitter,2026-07-04,5,plain
1585,"@FlipkartSupport Great, another BoomBox Speaker that died in a week. Exactly what I paid for. 💔",BoomBox Speaker,Electronics,sound,negative,Twitter,2026-07-04,1,sarcasm
1586,@Flipkart The delivery person never showed up. #scam 💔,AirBeat Earbuds,Electronics,delivery,negative,Twitter,2026-07-05,1,plain
1587,"Bought the AirBeat Earbuds last week. Bluetooth connection is fine, neither great nor bad. Support said a technician will visit next week.",AirBeat Earbuds,Electronics,connectivity,neutral,Flipkart,2026-07-05,3,plain
1588,The parcel was delayed three times. Support said a technician will visit next week.,Nova 5G Smartphone,Electronics,delivery,negative,Flipkart,2026-07-05,2,plain
1589,"Got this PulseFit Smartwatch 2 during the sale. The display is not bad at all, actually very good. Came in really sturdy packaging. Highly recommended!",PulseFit Smartwatch 2,Electronics,display,positive,Flipkart,2026-07-05,5,negation
1590,fyi packaging was basic. The performance is about what you would expect. #newpurchase #shopping 🤔,Nova 5G Smartphone,Electronics,packaging,neutral,Twitter,2026-07-05,2,plain
1591,Ordered the StrideRun Running Shoes for my brother. Cushioning is genuinely the best in this range but the look is awful. Average overall. Average product overall.,StrideRun Running Shoes,Fashion,comfort,neutral,Flipkart,2026-07-05,3,mixed
1592,The build quality is excellent. Will buy again.,PowerCore Power Bank,Electronics,build,positive,Flipkart,2026-07-05,4,plain
1593,"Upgraded to the AirBeat Earbuds recently. Fit in the ear is fine, neither great nor bad. Price is reasonable for what you get. Average product overall.",AirBeat Earbuds,Electronics,comfort,neutral,Flipkart,2026-07-05,2,plain
1594,@flipkartsupport support chat closed my ticket without fixing anything.,StrideRun Running Shoes,Fashion,customer_service,negative,Twitter,2026-07-06,2,plain
1595,Return request rejected for no reason. Delivery took the usual four to five days. Very disappointed.,UrbanPack Laptop Backpack,Fashion,returns,negative,Flipkart,2026-07-06,2,plain
1596,Second PulseFit Smartwatch 2 I have bought from this seller. Got it at a fantastic price in the sale. Customer support solved my issue in minutes. Go for it.,PulseFit Smartwatch 2,Electronics,value,positive,Flipkart,2026-07-06,5,plain
1597,The pairing works perfectly. #happycustomer 😍,BoomBox Speaker,Electronics,connectivity,positive,Twitter,2026-07-06,5,plain
1598,Got this Nova 5G Smartphone during the sale. The performance works perfectly. Support team was helpful and quick. Will buy again.,Nova 5G Smartphone,Electronics,performance,positive,Flipkart,2026-07-06,5,plain
1599,The look feels cheap and flimsy. Avoid this one.,StrideRun Running Shoes,Fashion,design,negative,Flipkart,2026-07-06,3,plain
1600,seriously delivery was rescheduled again and again. Packaging was basic.,Lumi LED Desk Lamp,Home & Furniture,delivery,negative,Twitter,2026-07-07,1,plain
1601,Delivery took almost two weeks. 😡,Lumi LED Desk Lamp,Home & Furniture,delivery,negative,Twitter,2026-07-07,2,plain
1602,"tbh only downside: app sync is nowhere near what was promised. otherwise delivered on time, no fuss.",PulseFit Smartwatch 2,Electronics,delivery,positive,Twitter,2026-07-07,4,mixed
1603,arrived a day earlier than promised. #happycustomer #techreview,PowerCore Power Bank,Electronics,delivery,positive,Twitter,2026-07-07,5,plain
1604,arrived a day earlier than promised. #happycustomer ❤️,ProGlide Gaming Mouse,Electronics,delivery,positive,Twitter,2026-07-07,4,plain
1605,honestly only downside: raised a complaint 10 days ago and still no response. otherwise great value for money. #techreview ❤️,AirBeat Earbuds,Electronics,value,positive,Twitter,2026-07-07,3,mixed
1606,@FlipkartSupport tbh assembly took two hours and two screws were missing.,ErgoMax Office Chair,Home & Furniture,assembly,negative,Twitter,2026-07-08,1,plain
1607,Bought the PulseFit Smartwatch 2 last week. Step and heart-rate tracking is superb for the price. Go for it.,PulseFit Smartwatch 2,Electronics,tracking,positive,Flipkart,2026-07-08,4,plain
1608,@flipkart deliveryyy was rescheduled again and again. the stitching feels cheap and flimsy. #disappointed 👎,UrbanPack Laptop Backpack,Fashion,delivery,neutral,Twitter,2026-07-08,2,noisy_label
1609,"Upgraded to the ProGlide Gaming Mouse recently. Grip is average, nothing special.",ProGlide Gaming Mouse,Electronics,comfort,neutral,Flipkart,2026-07-08,2,plain
1610,Upgraded to the BlendPro Blender recently. Really impressed with the cleaning. The jar quality is brilliant. Five stars from me.,BlendPro Blender,Kitchen,cleaning,positive,Flipkart,2026-07-08,4,plain
1611,"Ordered the PulseFit Smartwatch 2 for my brother. Since the May update, really impressed with the app sync. Delivery was neither fast nor slow. Five stars from me.",PulseFit Smartwatch 2,Electronics,sync,positive,Flipkart,2026-07-09,4,plain
1612,Second CrispAir Air Fryer I have bought from this seller. No complaints at all about the non-stick basket. The cooking performance is okay. Go for it.,CrispAir Air Fryer,Kitchen,cleaning,positive,Flipkart,2026-07-09,5,negation
1613,Second UrbanPack Laptop Backpack I have bought from this seller. Design is superb for the price but seriously overpriced for what you get. Average overall. Let's see how it holds up.,UrbanPack Laptop Backpack,Fashion,design,neutral,Flipkart,2026-07-09,3,mixed
1614,"Bought the PulseFit Smartwatch 2 last week. Since the May update, the battery backup is not just good, it is great. Absolutely love the app sync. Five stars from me.",PulseFit Smartwatch 2,Electronics,battery,positive,Flipkart,2026-07-09,5,negation
1615,@FlipkartSupport Raised a complaint 10 days ago and still no response. #disappointed 💔,ProGlide Gaming Mouse,Electronics,customer_service,negative,Twitter,2026-07-10,2,plain
1616,@flipkartsupport the delivery person never showed up. #scam #disappointed,PowerCore Power Bank,Electronics,delivery,neutral,Twitter,2026-07-10,1,noisy_label
1617,Bought this StrideRun Running Shoes after reading the reviews. The cushioning is top notch.,StrideRun Running Shoes,Fashion,comfort,positive,Flipkart,2026-07-10,5,plain
1618,Really disappointed with the shoulder padding. Still waiting for my refund after three weeks. Very disappointed.,UrbanPack Laptop Backpack,Fashion,comfort,negative,Flipkart,2026-07-10,1,plain
1619,"Second BlendPro Blender I have bought from this seller. The blending power is the worst I have seen, even though arrived a day earlier than promised. Returning it.",BlendPro Blender,Kitchen,performance,negative,Flipkart,2026-07-10,2,mixed
1620,Using this ErgoMax Office Chair for a month now. Pros: the assembly is top notch. Cons: packaging was torn and the item was scratched. Mixed feelings.,ErgoMax Office Chair,Home & Furniture,assembly,neutral,Flipkart,2026-07-10,3,mixed
1621,"came in really sturdy packaging, although the back support feels cheap and flimsy, so it balances out. #unboxing 🤔",ErgoMax Office Chair,Home & Furniture,packaging,neutral,Twitter,2026-07-10,3,mixed
1622,customer care keeps giving me copy-paste replies.,ProGlide Gaming Mouse,Electronics,customer_service,negative,Twitter,2026-07-10,2,plain
1623,Delivery was rescheduled again and again.,Lumi LED Desk Lamp,Home & Furniture,delivery,negative,Flipkart,2026-07-11,2,plain
1624,"the cushioning is top notch. yes, not worth the money at all, but overall i am happy. #techreview 😊",StrideRun Running Shoes,Fashion,comfort,positive,Twitter,2026-07-11,4,mixed
1625,Support team was helpful and quick but the parcel was delayed three times. Average overall. #shopping 🤔,BlendPro Blender,Kitchen,customer_service,neutral,Twitter,2026-07-11,2,mixed
1626,Upgraded to the PowerCore Power Bank recently. Packaging was torn and the item was scratched. Returning it.,PowerCore Power Bank,Electronics,packaging,negative,Flipkart,2026-07-11,3,plain
1627,@flipkart customer support solved my issue in minutes. #happycustomer,ProGlide Gaming Mouse,Electronics,customer_service,positive,Twitter,2026-07-11,5,plain
1628,"@Flipkart Worth every penny, but delivery was rescheduled again and again. #fail #worstservice",AirBeat Earbuds,Electronics,delivery,negative,Twitter,2026-07-11,2,mixed
1629,Only downside: box arrived crushed and the seal was broken. Otherwise replacement arrived within three days. Highly recommended!,ProGlide Gaming Mouse,Electronics,returns,positive,Flipkart,2026-07-12,4,mixed
1630,"Switched to the PowerCore Power Bank from my old one, still getting used to it. Nothing more to add.",PowerCore Power Bank,Electronics,battery,neutral,Flipkart,2026-07-12,2,wait_and_see
1631,Bass is genuinely the best in this range. #unboxing 😊,BoomBox Speaker,Electronics,sound,positive,Twitter,2026-07-12,3,plain
1632,Ordered the StrideRun Running Shoes for my brother. The cushioning is terrible.,StrideRun Running Shoes,Fashion,comfort,negative,Flipkart,2026-07-12,1,plain
1633,Ordered the Lumi LED Desk Lamp for my brother. The brightness has been flawless so far.,Lumi LED Desk Lamp,Home & Furniture,brightness,positive,Flipkart,2026-07-12,4,plain
1634,tbh really impressed with the battery life. 👍,Nova 5G Smartphone,Electronics,battery,positive,Twitter,2026-07-12,5,plain
1635,"@Flipkart Delivered on time, no fuss, but seriously overpriced for what you get. 👎 https://t.co/mc9cw6svmb",ProGlide Gaming Mouse,Electronics,value,negative,Twitter,2026-07-13,2,mixed
1636,"Priced about the same as other brands. Contacted support to check the warranty, they explained the process.",Lumi LED Desk Lamp,Home & Furniture,value,neutral,Flipkart,2026-07-13,2,plain
1637,"Got this UrbanPack Laptop Backpack during the sale. Sure, replacement arrived within three days, however design is completely useless. Avoid this one.",UrbanPack Laptop Backpack,Fashion,design,negative,Flipkart,2026-07-14,2,mixed
1638,"so great value for money, although raised a complaint 10 days ago and still no response, so it balances out. #newpurchase",CrispAir Air Fryer,Kitchen,value,neutral,Twitter,2026-07-14,2,mixed
1639,Ordered the PowerCore Power Bank for my brother. Stays cool even while fast charging.,PowerCore Power Bank,Electronics,heat,positive,Flipkart,2026-07-14,5,plain
1640,the cushioning is terrible. raised a complaint 10 days ago and still no response. #worstservice #scam,StrideRun Running Shoes,Fashion,comfort,negative,Twitter,2026-07-15,1,plain
1641,Ordered the PulseFit Smartwatch 2 for my brother. Got it at a fantastic price in the sale. Packaging was neat and secure. Will buy again.,PulseFit Smartwatch 2,Electronics,value,positive,Flipkart,2026-07-15,4,plain
1642,Ordered the ProGlide Gaming Mouse for my brother. The click feel is not good at all. Grip is a joke at this price.,ProGlide Gaming Mouse,Electronics,build,negative,Flipkart,2026-07-15,1,negation
1643,Bought this BoomBox Speaker after reading the reviews. Battery backup is amazing but pairing is far worse than advertised. Average overall.,BoomBox Speaker,Electronics,battery,neutral,Flipkart,2026-07-15,3,mixed
1644,@flipkart ngl worth everyyy penny. #happycustomer #recommended 😊,PulseFit Smartwatch 2,Electronics,value,positive,Twitter,2026-07-15,3,plain
1645,Upgraded to the PowerCore Power Bank recently. Got it at a fantastic price in the sale. Packaging was neat and secure. Will buy again.,PowerCore Power Bank,Electronics,value,positive,Flipkart,2026-07-18,3,plain
1646,Battery backup is amazing. Delivery was neither fast nor slow. Highly recommended!,Nova 5G Smartphone,Electronics,battery,positive,Flipkart,2026-07-18,5,plain
1647,@FlipkartSupport Capacity is nowhere near what was promised. #fail 😤,PowerCore Power Bank,Electronics,battery,negative,Twitter,2026-07-18,2,negation
1648,"Ordered the ProGlide Gaming Mouse for my brother. Click feel is completely useless. Sensor accuracy is fine, neither great nor bad. Avoid this one.",ProGlide Gaming Mouse,Electronics,build,negative,Flipkart,2026-07-18,2,plain
1649,"Delivered on time, no fuss. Will buy again.",BoomBox Speaker,Electronics,delivery,positive,Flipkart,2026-07-18,5,plain
1650,pros: return and refund were completely hassle-free. cons: cleaning is a joke at this price. mixed feelings. #shopping,BlendPro Blender,Kitchen,returns,neutral,Twitter,2026-07-18,3,mixed
1651,Really impressed with the grip.,ProGlide Gaming Mouse,Electronics,comfort,positive,Twitter,2026-07-19,5,plain
1652,Bought the PulseFit Smartwatch 2 last week. Can't fault the step and heart-rate tracking. Delivered on the expected date. Very happy with the purchase.,PulseFit Smartwatch 2,Electronics,tracking,positive,Flipkart,2026-07-19,3,negation
1653,The dimmer control has been flawless so far. Will buy again.,Lumi LED Desk Lamp,Home & Furniture,adjust,positive,Flipkart,2026-07-19,5,plain
1654,Using this ErgoMax Office Chair for a month now. Pros: worth every penny. Cons: return request rejected for no reason. Mixed feelings. Three stars.,ErgoMax Office Chair,Home & Furniture,value,neutral,Flipkart,2026-07-19,3,mixed
1655,Bought the AirBeat Earbuds last week. Battery backup is amazing. Came in a plain brown box. Will buy again.,AirBeat Earbuds,Electronics,battery,positive,Flipkart,2026-07-19,5,plain
1656,"Switched to the ErgoMax Office Chair from my old one, still getting used to it.",ErgoMax Office Chair,Home & Furniture,customer_service,neutral,Flipkart,2026-07-19,3,wait_and_see
1657,Ordered the CrispAir Air Fryer for my brother. Delivery was rescheduled again and again. Very disappointed.,CrispAir Air Fryer,Kitchen,delivery,negative,Flipkart,2026-07-20,1,plain
1658,Bought the UrbanPack Laptop Backpack last week. Price is reasonable for what you get. Average product overall.,UrbanPack Laptop Backpack,Fashion,value,neutral,Flipkart,2026-07-20,4,plain
1659,Bought this PulseFit Smartwatch 2 after reading the reviews. Customer support solved my issue in minutes. Return and refund were completely hassle-free.,PulseFit Smartwatch 2,Electronics,customer_service,positive,Flipkart,2026-07-20,5,plain
1660,Using this StrideRun Running Shoes for a month now. Got it at a fantastic price in the sale. Really impressed with the look. Will buy again.,StrideRun Running Shoes,Fashion,value,positive,Flipkart,2026-07-20,4,plain
1661,Support chat closed my ticket without fixing anything. The back support is okay. #scam 😤,ErgoMax Office Chair,Home & Furniture,customer_service,negative,Twitter,2026-07-21,1,plain
1662,seriously grip gave up after just a few days. price is reasonable for what you get. 💔,ProGlide Gaming Mouse,Electronics,comfort,negative,Twitter,2026-07-21,1,plain
1663,"@Flipkart unbelievable, order was stuck in transit for days. #refundplease #disappointed 👎",Lumi LED Desk Lamp,Home & Furniture,delivery,negative,Twitter,2026-07-21,2,plain
1664,Upgraded to the CrispAir Air Fryer recently. The cooking performance never disappoints. Great value for money. Highly recommended!,CrispAir Air Fryer,Kitchen,performance,positive,Flipkart,2026-07-21,5,negation
1665,Bought this ErgoMax Office Chair after reading the reviews. Raised a complaint 10 days ago and still no response. Height adjustment is standard for this segment. Regret buying it.,ErgoMax Office Chair,Home & Furniture,customer_service,negative,Flipkart,2026-07-21,1,plain
1666,Bought this CrispAir Air Fryer after reading the reviews. The noise level works perfectly. Will buy again.,CrispAir Air Fryer,Kitchen,noise,positive,Flipkart,2026-07-21,5,plain
1667,Upgraded to the ErgoMax Office Chair recently. Packaging was neat and secure. The build quality does the job. Very happy with the purchase.,ErgoMax Office Chair,Home & Furniture,packaging,positive,Flipkart,2026-07-21,5,plain
1668,"Using the PulseFit Smartwatch 2 for two days now, no strong opinion yet. Average product overall.",PulseFit Smartwatch 2,Electronics,tracking,neutral,Flipkart,2026-07-21,3,wait_and_see
1669,The delivery guy was very polite and on time. The display works perfectly. #techreview #loveit,PulseFit Smartwatch 2,Electronics,delivery,positive,Twitter,2026-07-22,5,plain
1670,"Replacement arrived within three days, although the battery life feels cheap and flimsy, so it balances out. Nothing more to add.",AirBeat Earbuds,Electronics,returns,neutral,Flipkart,2026-07-22,2,mixed
1671,Second ErgoMax Office Chair I have bought from this seller. Order was stuck in transit for days.,ErgoMax Office Chair,Home & Furniture,delivery,negative,Flipkart,2026-07-22,2,plain
1672,"@flipkartsupport delivery took almost two weeks. display is average, nothing special. #disappointed 😤",PulseFit Smartwatch 2,Electronics,delivery,negative,Twitter,2026-07-22,1,plain
1673,Bought the ErgoMax Office Chair last week. Still waiting for my refund after three weeks. Regret buying it.,ErgoMax Office Chair,Home & Furniture,returns,negative,Flipkart,2026-07-23,1,plain
1674,@flipkart return and refund were completely hassle-free. the delivery guy was very polite and on time. #unboxing #loveit,PulseFit Smartwatch 2,Electronics,returns,positive,Twitter,2026-07-23,5,plain
1675,Bought this Nova 5G Smartphone after reading the reviews. The camera is excellent. Battery backup is amazing.,Nova 5G Smartphone,Electronics,camera,positive,Flipkart,2026-07-23,4,plain
1676,"@flipkart came in a plain brown box. contacted support to check the warranty, they explained the process.",ErgoMax Office Chair,Home & Furniture,packaging,neutral,Twitter,2026-07-23,3,plain
1677,Replacement arrived within three days. Support team was helpful and quick. #happycustomer,BoomBox Speaker,Electronics,returns,positive,Twitter,2026-07-23,5,plain
1678,"@flipkart build quality is solid and reliable, but delivery was rescheduled again and again. #refundplease #worstservice",ErgoMax Office Chair,Home & Furniture,delivery,negative,Twitter,2026-07-23,2,mixed
1679,Raised a complaint 10 days ago and still no response. Price is reasonable for what you get. #fail,ProGlide Gaming Mouse,Electronics,customer_service,negative,Twitter,2026-07-23,2,plain
1680,Got this BoomBox Speaker during the sale. Bass gave up after just a few days.,BoomBox Speaker,Electronics,sound,negative,Flipkart,2026-07-23,1,plain
1681,Got this PulseFit Smartwatch 2 during the sale. Delivery was neither fast nor slow. It's okay for the price.,PulseFit Smartwatch 2,Electronics,delivery,neutral,Flipkart,2026-07-23,2,plain
1682,Does the ProGlide Gaming Mouse support fast charging? Thinking of buying one. Let's see how it holds up.,ProGlide Gaming Mouse,Electronics,value,neutral,Flipkart,2026-07-24,3,wait_and_see
1683,@Flipkart Back support is superb for the price.,ErgoMax Office Chair,Home & Furniture,comfort,positive,Twitter,2026-07-24,5,plain
1684,"Ordered the PowerCore Power Bank for my brother. It gets dangerously hot while charging, but honestly customer support solved my issue in minutes and that matters more.",PowerCore Power Bank,Electronics,customer_service,positive,Flipkart,2026-07-24,4,mixed
1685,"Ordered the PulseFit Smartwatch 2 for my brother. After the latest firmware update, battery backup is amazing. The step and heart-rate tracking has been flawless so far.",PulseFit Smartwatch 2,Electronics,battery,positive,Flipkart,2026-07-25,4,plain
1686,"Got this CrispAir Air Fryer during the sale. Came in really sturdy packaging, although noise level is a joke at this price, so it balances out.",CrispAir Air Fryer,Kitchen,packaging,neutral,Flipkart,2026-07-25,3,mixed
1687,Bought this Nova 5G Smartphone after reading the reviews. Really impressed with the build quality. Battery life is superb for the price.,Nova 5G Smartphone,Electronics,build,positive,Flipkart,2026-07-25,4,plain
1688,Second CrispAir Air Fryer I have bought from this seller. Cooking performance is standard for this segment. Priced about the same as other brands. It's okay for the price.,CrispAir Air Fryer,Kitchen,performance,neutral,Flipkart,2026-07-26,2,plain
1689,"ugh, delivery was rescheduled again and again. 😤 https://t.co/uzue3k87z4",ProGlide Gaming Mouse,Electronics,delivery,negative,Twitter,2026-07-26,1,plain
1690,"Using the PulseFit Smartwatch 2 for two days now, no strong opinion yet. It's okay for the price.",PulseFit Smartwatch 2,Electronics,tracking,neutral,Flipkart,2026-07-26,3,wait_and_see
1691,Came in a plain brown box.,BlendPro Blender,Kitchen,packaging,neutral,Flipkart,2026-07-26,3,plain
1692,"Ordered the ProGlide Gaming Mouse for my brother. Return request rejected for no reason, but honestly grip is genuinely the best in this range and that matters more. Five stars from me.",ProGlide Gaming Mouse,Electronics,comfort,positive,Flipkart,2026-07-27,4,mixed
1693,Bought the Lumi LED Desk Lamp last week. No complaints at all about the dimmer control. Return and refund were completely hassle-free.,Lumi LED Desk Lamp,Home & Furniture,adjust,positive,Flipkart,2026-07-27,5,negation
1694,"Ordered the BlendPro Blender for my brother. The jar quality works perfectly, but the parcel was delayed three times. Do not buy.",BlendPro Blender,Kitchen,delivery,negative,Flipkart,2026-07-27,3,mixed
1695,Got this ErgoMax Office Chair during the sale. Really impressed with the build quality. The height adjustment is brilliant. Will buy again.,ErgoMax Office Chair,Home & Furniture,build,positive,Flipkart,2026-07-27,5,plain
1696,"unbelievable, raised a complaint 10 days ago and still no response. Price is reasonable for what you get. #fail",StrideRun Running Shoes,Fashion,customer_service,negative,Twitter,2026-07-28,2,plain
1697,Second AirBeat Earbuds I have bought from this seller. The fit in the ear is brilliant. Support said a technician will visit next week.,AirBeat Earbuds,Electronics,comfort,positive,Flipkart,2026-07-28,5,plain
1698,Ordered the Lumi LED Desk Lamp for my brother. Dimmer control is decent for daily use. The brightness is as described. It's okay for the price.,Lumi LED Desk Lamp,Home & Furniture,adjust,neutral,Flipkart,2026-07-28,4,plain
1699,"Ordered the BlendPro Blender for my brother. Sure, the motor noise never disappoints, however still waiting for my refund after three weeks. Avoid this one.",BlendPro Blender,Kitchen,returns,negative,Flipkart,2026-07-28,2,mixed
1700,Bought this PowerCore Power Bank after reading the reviews. The charging speed is about what you would expect. Three stars.,PowerCore Power Bank,Electronics,charging,neutral,Flipkart,2026-07-28,2,plain
1701,Got this ErgoMax Office Chair during the sale. Customer care keeps giving me copy-paste replies. Total waste of money.,ErgoMax Office Chair,Home & Furniture,customer_service,negative,Flipkart,2026-07-28,3,plain
1702,"Since the May update, only downside: the delivery person never showed up. Otherwise app sync is genuinely the best in this range. #unboxing",PulseFit Smartwatch 2,Electronics,sync,positive,Twitter,2026-07-28,4,mixed
1703,Bought this ProGlide Gaming Mouse after reading the reviews. Sensor accuracy is genuinely the best in this range.,ProGlide Gaming Mouse,Electronics,performance,positive,Flipkart,2026-07-28,4,plain
1704,Ordered the AirBeat Earbuds for my brother. Sound quality is solid and reliable. Will buy again.,AirBeat Earbuds,Electronics,sound,positive,Flipkart,2026-07-28,5,plain
1705,"Since the May update, the battery backup works perfectly. Worth every penny. #happycustomer ❤️",PulseFit Smartwatch 2,Electronics,battery,positive,Twitter,2026-07-29,5,plain
1706,@flipkart raised a complaint 10 days ago and still no response. #refundplease,StrideRun Running Shoes,Fashion,customer_service,negative,Twitter,2026-07-29,1,plain
1707,The build quality never disappoints. #techreview,Lumi LED Desk Lamp,Home & Furniture,build,positive,Twitter,2026-07-29,5,negation
1708,Got this UrbanPack Laptop Backpack during the sale. Priced about the same as other brands. Average product overall.,UrbanPack Laptop Backpack,Fashion,value,neutral,Flipkart,2026-07-30,4,plain
1709,Requested an exchange for a different size. #unboxing #newpurchase 📦,ErgoMax Office Chair,Home & Furniture,returns,neutral,Twitter,2026-07-30,3,plain
1710,Upgraded to the StrideRun Running Shoes recently. Return and refund were completely hassle-free. Highly recommended!,StrideRun Running Shoes,Fashion,returns,positive,Flipkart,2026-07-30,4,plain
1711,"@flipkartsupport since the may update, battery backup is way better than i expected. 👍",PulseFit Smartwatch 2,Electronics,battery,positive,Twitter,2026-07-30,5,plain
1712,"The click feel is awful, but honestly the grip is top notch and that matters more. #loveit ❤️",ProGlide Gaming Mouse,Electronics,comfort,positive,Twitter,2026-07-30,4,mixed
1713,"Since the May update, syncs with my phone instantly.",PulseFit Smartwatch 2,Electronics,sync,positive,Twitter,2026-07-31,4,plain
1714,Ordered the StrideRun Running Shoes for my brother. Love how the cushioning stops working the moment the warranty card is filed away. Genius.,StrideRun Running Shoes,Fashion,delivery,negative,Flipkart,2026-07-31,1,sarcasm
1715,The Bluetooth connection is terrible. Avoid this one.,AirBeat Earbuds,Electronics,connectivity,negative,Flipkart,2026-07-31,1,plain
1716,The design never disappoints. Worth every penny. Five stars from me.,UrbanPack Laptop Backpack,Fashion,design,positive,Flipkart,2026-07-31,4,negation
1717,Bought this PowerCore Power Bank after reading the reviews. Customer support solved my issue in minutes. The charging speed is okay. Highly recommended!,PowerCore Power Bank,Electronics,customer_service,positive,Flipkart,2026-07-31,4,plain
1718,"@Flipkart unbelievable, great, another ProGlide Gaming Mouse that died in a week. Exactly what I paid for.",ProGlide Gaming Mouse,Electronics,comfort,negative,Twitter,2026-07-31,1,sarcasm
1719,Battery drains in a few hours.,BoomBox Speaker,Electronics,battery,negative,Flipkart,2026-07-31,1,plain
1720,honestly bluetooth connection is solid and reliable. Delivery took the usual four to five days. #happycustomer 😊,AirBeat Earbuds,Electronics,connectivity,positive,Twitter,2026-08-01,4,plain
1721,Bought the Lumi LED Desk Lamp last week. The design is brilliant. The delivery guy was very polite and on time. Five stars from me.,Lumi LED Desk Lamp,Home & Furniture,design,positive,Flipkart,2026-08-01,5,plain
1722,"Using this ProGlide Gaming Mouse for a month now. Really impressed with the click feel, but the parcel was delayed three times. Regret buying it.",ProGlide Gaming Mouse,Electronics,delivery,neutral,Flipkart,2026-08-01,2,noisy_label
1723,Second StrideRun Running Shoes I have bought from this seller. The cushioning is awful. Packaging was basic. Avoid this one.,StrideRun Running Shoes,Fashion,comfort,negative,Flipkart,2026-08-01,1,plain
1724,"Using this CrispAir Air Fryer for a month now. Sure, great value for money, however delivery took almost two weeks. Very disappointed.",CrispAir Air Fryer,Kitchen,delivery,negative,Flipkart,2026-08-02,2,mixed
1725,"so got the pulsefit smartwatch 2 as a gift, still setting it up.",PulseFit Smartwatch 2,Electronics,sync,neutral,Twitter,2026-08-02,2,wait_and_see
1726,Second CrispAir Air Fryer I have bought from this seller. The cooking performance is brilliant. Customer support solved my issue in minutes.,CrispAir Air Fryer,Kitchen,performance,positive,Flipkart,2026-08-03,5,plain
1727,No complaints at all about the shoulder padding. Replacement arrived within three days.,UrbanPack Laptop Backpack,Fashion,comfort,positive,Twitter,2026-08-03,5,negation
1728,Bought this BlendPro Blender after reading the reviews. Really impressed with the blending power.,BlendPro Blender,Kitchen,performance,positive,Flipkart,2026-08-03,4,plain
1729,@Flipkart The battery life is the worst I have seen. Bluetooth connection is standard for this segment. #worstservice 😡,AirBeat Earbuds,Electronics,battery,negative,Twitter,2026-08-03,1,plain
1730,the jar quality is top notch. the cleaning does the job. ❤️,BlendPro Blender,Kitchen,build,positive,Twitter,2026-08-03,5,plain
1731,"Ordered the Nova 5G Smartphone for my brother. Performance is fine, neither great nor bad. The build quality is about what you would expect.",Nova 5G Smartphone,Electronics,performance,neutral,Flipkart,2026-08-04,3,plain
1732,Using this Lumi LED Desk Lamp for a month now. The parcel was delayed three times. Dimmer control is standard for this segment.,Lumi LED Desk Lamp,Home & Furniture,delivery,negative,Flipkart,2026-08-04,1,plain
1733,Upgraded to the ProGlide Gaming Mouse recently. Only downside: the parcel was delayed three times. Otherwise support team was helpful and quick. Highly recommended!,ProGlide Gaming Mouse,Electronics,customer_service,positive,Flipkart,2026-08-04,3,mixed
1734,"Support chat closed my ticket without fixing anything. Look is fine, neither great nor bad. #refundplease 😡",StrideRun Running Shoes,Fashion,customer_service,negative,Twitter,2026-08-04,1,plain
1735,honestly only downside: packaging was torn and the item was scratched. Otherwise worth every penny. #recommended,CrispAir Air Fryer,Kitchen,value,positive,Twitter,2026-08-04,4,mixed
1736,"so using the powercore power bank for two days now, no strong opinion yet. #newpurchase",PowerCore Power Bank,Electronics,charging,neutral,Twitter,2026-08-04,3,wait_and_see
1737,Ordered the PulseFit Smartwatch 2 for my brother. Pros: battery backup is amazing. Cons: app sync fails every single day. Mixed feelings. Three stars.,PulseFit Smartwatch 2,Electronics,battery,neutral,Flipkart,2026-08-05,2,mixed
1738,tbh got it at a fantastic price in the sale. #techreview 🔥,BlendPro Blender,Kitchen,value,positive,Twitter,2026-08-05,4,plain
1739,support team was helpful and quick. #loveit #recommended,PulseFit Smartwatch 2,Electronics,customer_service,positive,Twitter,2026-08-05,5,plain
1740,Upgraded to the CrispAir Air Fryer recently. Build quality is way better than I expected.,CrispAir Air Fryer,Kitchen,build,positive,Flipkart,2026-08-05,4,plain
1741,Bought this PulseFit Smartwatch 2 after reading the reviews. Packaging was basic. Nothing more to add.,PulseFit Smartwatch 2,Electronics,packaging,neutral,Flipkart,2026-08-05,3,plain
1742,Requested an exchange for a different size. Nothing more to add.,CrispAir Air Fryer,Kitchen,returns,neutral,Flipkart,2026-08-06,3,plain
1743,@Flipkart seriously return request rejected for no reason.,BlendPro Blender,Kitchen,returns,negative,Twitter,2026-08-06,2,plain
1744,Great value for money. #loveit ❤️,PowerCore Power Bank,Electronics,value,positive,Twitter,2026-08-07,4,plain
1745,Ordered the BlendPro Blender for my brother. Customer care keeps giving me copy-paste replies. The blending power stopped working within a week. Do not buy.,BlendPro Blender,Kitchen,customer_service,negative,Flipkart,2026-08-07,2,plain
1746,"@Flipkart unbelievable, order was stuck in transit for days. Contacted support to check the warranty, they explained the process. #scam",ErgoMax Office Chair,Home & Furniture,delivery,negative,Twitter,2026-08-07,2,plain
1747,Using this UrbanPack Laptop Backpack for a month now. Customer support solved my issue in minutes.,UrbanPack Laptop Backpack,Fashion,customer_service,positive,Flipkart,2026-08-07,4,plain
1748,Delivery was super quick. The build quality is excellent. Very happy with the purchase.,Lumi LED Desk Lamp,Home & Furniture,delivery,positive,Flipkart,2026-08-08,5,plain
1749,Support team was helpful and quick. #loveit,PowerCore Power Bank,Electronics,customer_service,positive,Twitter,2026-08-08,5,plain
1750,"Bought the AirBeat Earbuds last week. Fit in the ear is fine, neither great nor bad. Came in a plain brown box. Average product overall.",AirBeat Earbuds,Electronics,comfort,neutral,Flipkart,2026-08-08,2,plain
1751,Upgraded to the Nova 5G Smartphone recently. The parcel was delayed three times. Do not buy.,Nova 5G Smartphone,Electronics,delivery,negative,Flipkart,2026-08-08,1,plain
1752,@Flipkart The parcel was delayed three times. Seriously overpriced for what you get. 💔,UrbanPack Laptop Backpack,Fashion,delivery,negative,Twitter,2026-08-08,1,plain
1753,@Flipkart Raised a complaint 10 days ago and still no response. #refundplease,Lumi LED Desk Lamp,Home & Furniture,customer_service,negative,Twitter,2026-08-09,2,plain
1754,Ordered the StrideRun Running Shoes for my brother. Came in really sturdy packaging. Worth every penny. Five stars from me.,StrideRun Running Shoes,Fashion,packaging,positive,Flipkart,2026-08-09,4,plain
1755,@Flipkart The look stopped working within a week. Packaging was torn and the item was scratched. #fail #worstservice 😡,StrideRun Running Shoes,Fashion,design,negative,Twitter,2026-08-09,2,plain
1756,"The assembly is not bad at all, actually very good. Worth every penny. 👍",ErgoMax Office Chair,Home & Furniture,assembly,positive,Twitter,2026-08-09,4,negation
1757,Got this BoomBox Speaker during the sale. Packaging was neat and secure. Priced about the same as other brands.,BoomBox Speaker,Electronics,packaging,positive,Flipkart,2026-08-09,5,plain
1758,Can't fault the cushioning. The sole durability is brilliant. #techreview #unboxing 😊 https://t.co/j8upyi2tuc,StrideRun Running Shoes,Fashion,comfort,positive,Twitter,2026-08-10,3,negation
1759,"The height adjustment feels cheap and flimsy, but honestly packaging was neat and secure and that matters more. Five stars from me.",ErgoMax Office Chair,Home & Furniture,packaging,positive,Flipkart,2026-08-10,4,mixed
1760,"@FlipkartSupport Best PowerCore Power Bank ever, if you enjoy restarting it every hour. #worstservice #fail",PowerCore Power Bank,Electronics,delivery,negative,Twitter,2026-08-10,1,sarcasm
1761,"Got the PowerCore Power Bank as a gift, still setting it up.",PowerCore Power Bank,Electronics,battery,neutral,Flipkart,2026-08-10,3,wait_and_see
1762,Motor noise is superb for the price.,BlendPro Blender,Kitchen,noise,positive,Flipkart,2026-08-11,4,plain
1763,raised a complaint 10 days ago and still no response. #scam 💔,PulseFit Smartwatch 2,Electronics,customer_service,negative,Twitter,2026-08-11,2,plain
1764,Bought this ErgoMax Office Chair after reading the reviews. Packaging was torn and the item was scratched.,ErgoMax Office Chair,Home & Furniture,packaging,negative,Flipkart,2026-08-11,1,plain
1765,Arrived a day earlier than promised. The step and heart-rate tracking is top notch. Highly recommended!,PulseFit Smartwatch 2,Electronics,delivery,positive,Flipkart,2026-08-12,3,plain
1766,Second PowerCore Power Bank I have bought from this seller. Capacity is solid and reliable. Came in really sturdy packaging. Go for it.,PowerCore Power Bank,Electronics,battery,positive,Flipkart,2026-08-12,4,plain
1767,Ordered the UrbanPack Laptop Backpack for my brother. Storage space is way better than I expected. Very happy with the purchase.,UrbanPack Laptop Backpack,Fashion,space,positive,Flipkart,2026-08-12,5,plain
1768,Ordered the Nova 5G Smartphone for my brother. Build quality is genuinely the best in this range but still waiting for my refund after three weeks. Average overall. Nothing more to add.,Nova 5G Smartphone,Electronics,build,neutral,Flipkart,2026-08-13,2,mixed
1769,"@flipkartsupport ugh, delivery took almost two weeks, even though really impressed with the app sync. #disappointed #scam",PulseFit Smartwatch 2,Electronics,delivery,negative,Twitter,2026-08-13,2,mixed
1770,"Got this UrbanPack Laptop Backpack during the sale. Sure, absolutely love the storage space, however the delivery person never showed up. Returning it.",UrbanPack Laptop Backpack,Fashion,delivery,negative,Flipkart,2026-08-13,3,mixed
1771,"@Flipkart unbelievable, delivery was rescheduled again and again. #refundplease 😡",Nova 5G Smartphone,Electronics,delivery,negative,Twitter,2026-08-14,1,plain
1772,Priced about the same as other brands. #firstimpressions 🙂,PulseFit Smartwatch 2,Electronics,value,neutral,Twitter,2026-08-14,3,plain
1773,"Seriously overpriced for what you get, but honestly the charging speed has been flawless so far and that matters more. Highly recommended!",PowerCore Power Bank,Electronics,charging,positive,Flipkart,2026-08-14,4,mixed
1774,"so far so good, the delivery guy was very polite and on time.",AirBeat Earbuds,Electronics,delivery,positive,Twitter,2026-08-15,4,plain
1775,Got this PulseFit Smartwatch 2 during the sale. Absolutely love the display. Go for it.,PulseFit Smartwatch 2,Electronics,display,positive,Flipkart,2026-08-15,4,plain
1776,@Flipkart tbh box arrived crushed and the seal was broken. The shoulder padding is the worst I have seen. #disappointed #refundplease,UrbanPack Laptop Backpack,Fashion,packaging,negative,Twitter,2026-08-15,2,plain
1777,Using this UrbanPack Laptop Backpack for a month now. Absolutely love the stitching. Shoulder padding is solid and reliable.,UrbanPack Laptop Backpack,Fashion,durability,positive,Flipkart,2026-08-15,5,plain
1778,Got this PulseFit Smartwatch 2 during the sale. Delivery was neither fast nor slow. The display is about what you would expect.,PulseFit Smartwatch 2,Electronics,delivery,neutral,Flipkart,2026-08-15,3,plain
1779,"Got this CrispAir Air Fryer during the sale. Arrived a day earlier than promised. The non-stick basket is not just good, it is great. Five stars from me.",CrispAir Air Fryer,Kitchen,delivery,positive,Flipkart,2026-08-16,4,negation
1780,Using this BoomBox Speaker for a month now. Delivery took the usual four to five days. Three stars.,BoomBox Speaker,Electronics,delivery,neutral,Flipkart,2026-08-16,2,plain
1781,"Using this StrideRun Running Shoes for a month now. Sole durability is fine, neither great nor bad. Size and fit is decent for daily use. Average product overall.",StrideRun Running Shoes,Fashion,durability,neutral,Flipkart,2026-08-16,2,plain
1782,Support chat closed my ticket without fixing anything. #scam,UrbanPack Laptop Backpack,Fashion,customer_service,negative,Twitter,2026-08-16,1,plain
1783,Second ProGlide Gaming Mouse I have bought from this seller. Only downside: delivery was rescheduled again and again. Otherwise the click feel works perfectly.,ProGlide Gaming Mouse,Electronics,build,neutral,Flipkart,2026-08-17,4,noisy_label
1784,"Got the Nova 5G Smartphone as a gift, still setting it up. Three stars.",Nova 5G Smartphone,Electronics,battery,neutral,Flipkart,2026-08-18,4,wait_and_see
1785,Using this BlendPro Blender for a month now. Only downside: the cleaning doesn't work properly. Otherwise packaging was neat and secure. Go for it.,BlendPro Blender,Kitchen,packaging,positive,Flipkart,2026-08-18,3,mixed
1786,@FlipkartSupport The parcel was delayed three times. Seriously overpriced for what you get. #worstservice,Lumi LED Desk Lamp,Home & Furniture,delivery,negative,Twitter,2026-08-18,2,plain
1787,tbh return and refund were completely hassle-free.,UrbanPack Laptop Backpack,Fashion,returns,positive,Twitter,2026-08-18,5,plain
1788,Using this Nova 5G Smartphone for a month now. Delivery was super quick. Battery life is genuinely the best in this range. Go for it.,Nova 5G Smartphone,Electronics,delivery,positive,Flipkart,2026-08-19,4,plain
1789,Packaging was neat and secure. Display is solid and reliable. #techreview #recommended,PulseFit Smartwatch 2,Electronics,packaging,positive,Twitter,2026-08-19,5,plain
1790,Bought the PulseFit Smartwatch 2 last week. No complaints at all about the display. Delivery was super quick.,PulseFit Smartwatch 2,Electronics,display,positive,Flipkart,2026-08-19,5,negation
1791,Delivery was rescheduled again and again. Returning it.,BlendPro Blender,Kitchen,delivery,negative,Flipkart,2026-08-19,2,plain
1792,"sooo far sooo good, can't fault the bluetooth connection. return and refund were completely hassle-free. #happycustomer https://t.co/hqgvayg9uy",AirBeat Earbuds,Electronics,connectivity,positive,Twitter,2026-08-19,5,negation
1793,Using this StrideRun Running Shoes for a month now. Sole durability is genuinely the best in this range but raised a complaint 10 days ago and still no response. Average overall. Nothing more to add.,StrideRun Running Shoes,Fashion,durability,neutral,Flipkart,2026-08-20,2,mixed
1794,Upgraded to the CrispAir Air Fryer recently. The build quality has been flawless so far. Highly recommended!,CrispAir Air Fryer,Kitchen,build,positive,Flipkart,2026-08-20,5,plain
1795,Upgraded to the ErgoMax Office Chair recently. The assembly is brilliant. Delivery was super quick. Highly recommended!,ErgoMax Office Chair,Home & Furniture,assembly,positive,Flipkart,2026-08-20,3,plain
1796,Upgraded to the Lumi LED Desk Lamp recently. The design is okay. Price is reasonable for what you get. It's okay for the price.,Lumi LED Desk Lamp,Home & Furniture,design,neutral,Flipkart,2026-08-20,3,plain
1797,Bought this PulseFit Smartwatch 2 after reading the reviews. Customer support solved my issue in minutes but app sync fails every single day. Average overall. Average product overall.,PulseFit Smartwatch 2,Electronics,customer_service,neutral,Flipkart,2026-08-20,2,mixed
1798,Ordered the CrispAir Air Fryer for my brother. The cooking performance is excellent. The build quality is excellent.,CrispAir Air Fryer,Kitchen,performance,positive,Flipkart,2026-08-20,3,plain
1799,Cushioning is solid and reliable. Five stars from me.,StrideRun Running Shoes,Fashion,comfort,positive,Flipkart,2026-08-21,4,plain
1800,ngl absolutely love the camera. Battery life is way better than I expected. https://t.co/ud496ehsde,Nova 5G Smartphone,Electronics,camera,positive,Twitter,2026-08-21,4,plain
1801,"Second ProGlide Gaming Mouse I have bought from this seller. No complaints at all about the grip. The click feel is not just good, it is great.",ProGlide Gaming Mouse,Electronics,comfort,positive,Flipkart,2026-08-21,3,negation
1802,Ordered the AirBeat Earbuds for my brother. Bluetooth connection is superb for the price. Go for it.,AirBeat Earbuds,Electronics,connectivity,positive,Flipkart,2026-08-21,4,plain
1803,honestly motor noise is solid and reliable. Delivered on the expected date.,BlendPro Blender,Kitchen,noise,positive,Twitter,2026-08-21,5,plain
1804,@Flipkart Jar quality is far worse than advertised. Packaging was torn and the item was scratched.,BlendPro Blender,Kitchen,build,negative,Twitter,2026-08-21,3,plain
1805,Using this ErgoMax Office Chair for a month now. The height adjustment is okay. Delivery was neither fast nor slow. Average product overall.,ErgoMax Office Chair,Home & Furniture,adjust,neutral,Flipkart,2026-08-21,3,plain
1806,Upgraded to the ProGlide Gaming Mouse recently. Worth every penny. Delivery was neither fast nor slow. Very happy with the purchase.,ProGlide Gaming Mouse,Electronics,value,positive,Flipkart,2026-08-21,4,plain
1807,@Flipkart Build quality is superb for the price. Priced about the same as other brands. #recommended 😊,Nova 5G Smartphone,Electronics,build,positive,Twitter,2026-08-21,4,plain
1808,Arrived a day earlier than promised.,BoomBox Speaker,Electronics,delivery,positive,Flipkart,2026-08-22,5,plain
1809,Ordered the StrideRun Running Shoes for my brother. Return pickup is scheduled for tomorrow. The look does the job.,StrideRun Running Shoes,Fashion,returns,neutral,Flipkart,2026-08-22,3,plain
1810,"Just unboxed the PulseFit Smartwatch 2, too early to say anything.",PulseFit Smartwatch 2,Electronics,sync,neutral,Flipkart,2026-08-22,4,wait_and_see
1811,Bought this Lumi LED Desk Lamp after reading the reviews. The delivery guy was very polite and on time. Design is standard for this segment. Five stars from me.,Lumi LED Desk Lamp,Home & Furniture,delivery,positive,Flipkart,2026-08-22,5,plain
1812,Second ErgoMax Office Chair I have bought from this seller. Got it at a fantastic price in the sale. Back support is genuinely the best in this range. Very happy with the purchase.,ErgoMax Office Chair,Home & Furniture,value,positive,Flipkart,2026-08-22,5,plain
1813,"since the may update, the app sync is not just good, it is great. support team was helpful and quick. #techreview #unboxing",PulseFit Smartwatch 2,Electronics,sync,positive,Twitter,2026-08-22,4,negation
1814,Absolutely love the cooking performance. Will buy again.,CrispAir Air Fryer,Kitchen,performance,positive,Flipkart,2026-08-22,4,plain
1815,Design is way better than I expected. Customer support solved my issue in minutes. 🔥,UrbanPack Laptop Backpack,Fashion,design,positive,Twitter,2026-08-23,4,plain
1816,Delivery was rescheduled again and again. 👎,PowerCore Power Bank,Electronics,delivery,negative,Twitter,2026-08-23,1,plain
1817,Replacement arrived within three days. #techreview #happycustomer 😍,Nova 5G Smartphone,Electronics,returns,positive,Twitter,2026-08-23,5,plain
1818,The blending power is the worst I have seen.,BlendPro Blender,Kitchen,performance,negative,Flipkart,2026-08-23,2,plain
1819,"battery backup is solid and reliable, although order was stuck in transit for days, so it balances out. #unboxing 📦",PulseFit Smartwatch 2,Electronics,battery,neutral,Twitter,2026-08-23,2,mixed
1820,"Bought the BoomBox Speaker last week. The build quality is not just good, it is great. Came in really sturdy packaging.",BoomBox Speaker,Electronics,build,positive,Flipkart,2026-08-23,4,negation
1821,The stitching stopped working within a week. Returning it.,UrbanPack Laptop Backpack,Fashion,durability,negative,Flipkart,2026-08-23,1,plain
1822,Second UrbanPack Laptop Backpack I have bought from this seller. Worth every penny. Requested an exchange for a different size.,UrbanPack Laptop Backpack,Fashion,value,positive,Flipkart,2026-08-24,4,plain
1823,Bought the AirBeat Earbuds last week. Sound quality is a joke at this price. Avoid this one.,AirBeat Earbuds,Electronics,sound,negative,Flipkart,2026-08-24,2,plain
1824,The jar quality is top notch. Return and refund were completely hassle-free. Five stars from me.,BlendPro Blender,Kitchen,build,positive,Flipkart,2026-08-24,4,plain
1825,@flipkartsupport delivery was rescheduled again and again.,Nova 5G Smartphone,Electronics,delivery,negative,Twitter,2026-08-24,1,plain
1826,Build quality is way better than I expected.,ErgoMax Office Chair,Home & Furniture,build,positive,Flipkart,2026-08-24,3,plain
1827,Support team was helpful and quick. Very happy with the purchase.,AirBeat Earbuds,Electronics,customer_service,positive,Flipkart,2026-08-25,4,plain
1828,Second CrispAir Air Fryer I have bought from this seller. The noise level is excellent. Highly recommended!,CrispAir Air Fryer,Kitchen,noise,positive,Flipkart,2026-08-25,5,plain
1829,Delivery took almost two weeks. Do not buy.,ProGlide Gaming Mouse,Electronics,delivery,negative,Flipkart,2026-08-25,1,plain
1830,Second AirBeat Earbuds I have bought from this seller. Sound is crisp and the bass is punchy. Will buy again.,AirBeat Earbuds,Electronics,sound,positive,Flipkart,2026-08-26,5,plain
1831,The cleaning never disappoints. The delivery guy was very polite and on time. Very happy with the purchase.,BlendPro Blender,Kitchen,cleaning,positive,Flipkart,2026-08-26,4,negation
1832,"ngl got it at a fantastic price in the sale. Yes, packaging was torn and the item was scratched, but overall I am happy. #loveit",PulseFit Smartwatch 2,Electronics,value,positive,Twitter,2026-08-26,4,mixed
1833,Packaging was basic. #unboxing 📦 https://t.co/sakjrv4r1a,ProGlide Gaming Mouse,Electronics,packaging,neutral,Twitter,2026-08-26,2,plain
1834,Bought the BoomBox Speaker last week. The build quality is about what you would expect. Average product overall.,BoomBox Speaker,Electronics,build,neutral,Flipkart,2026-08-26,3,plain
1835,The RGB software is excellent. Replacement arrived within three days.,ProGlide Gaming Mouse,Electronics,software,positive,Flipkart,2026-08-26,5,plain
1836,"Got this Lumi LED Desk Lamp during the sale. The design stopped working within a week, but honestly the dimmer control works perfectly and that matters more.",Lumi LED Desk Lamp,Home & Furniture,adjust,positive,Flipkart,2026-08-26,3,mixed
1837,"Absolutely love the dimmer control. Yes, customer care keeps giving me copy-paste replies, but overall I am happy.",Lumi LED Desk Lamp,Home & Furniture,adjust,positive,Flipkart,2026-08-26,4,mixed
1838,Order was stuck in transit for days. The shoulder padding is the worst I have seen. #refundplease,UrbanPack Laptop Backpack,Fashion,delivery,negative,Twitter,2026-08-26,1,plain
1839,"@FlipkartSupport tbh really impressed with the display, but the delivery person never showed up.",PulseFit Smartwatch 2,Electronics,delivery,negative,Twitter,2026-08-26,2,mixed
1840,"@Flipkart seriously the sensor accuracy is excellent, but the delivery person never showed up. #refundplease 😤",ProGlide Gaming Mouse,Electronics,delivery,negative,Twitter,2026-08-26,3,mixed
1841,Upgraded to the ProGlide Gaming Mouse recently. Can't fault the grip. Highly recommended!,ProGlide Gaming Mouse,Electronics,comfort,positive,Flipkart,2026-08-27,5,negation
1842,"Received the BoomBox Speaker yesterday, will update after a week of use.",BoomBox Speaker,Electronics,battery,neutral,Flipkart,2026-08-27,4,wait_and_see
1843,Bought the StrideRun Running Shoes last week. Customer support solved my issue in minutes. Will buy again.,StrideRun Running Shoes,Fashion,customer_service,positive,Flipkart,2026-08-27,4,plain
1844,"the app sync is top notch, although customer care keeps giving me copy-paste replies, sooo it balances out. #shopping 🤔",PulseFit Smartwatch 2,Electronics,sync,neutral,Twitter,2026-08-28,3,mixed
1845,@Flipkart tbh absolutely love the build quality. https://t.co/mn7exc9if1,ErgoMax Office Chair,Home & Furniture,build,positive,Twitter,2026-08-28,4,plain
1846,"Bought this Nova 5G Smartphone after reading the reviews. Return and refund were completely hassle-free, although raised a complaint 10 days ago and still no response, so it balances out. Three stars.",Nova 5G Smartphone,Electronics,returns,neutral,Flipkart,2026-08-28,2,mixed
1847,"fyi sensor accuracy is fine, neither great nor bad. #newpurchase 🙂",ProGlide Gaming Mouse,Electronics,performance,neutral,Twitter,2026-08-28,3,plain
1848,"so far so good, support chat closed my ticket without fixing anything, but honestly the cooking performance has been flawless so far and that matters more. #recommended 👍",CrispAir Air Fryer,Kitchen,performance,positive,Twitter,2026-08-28,4,mixed
1849,seriously delivery took almost two weeks.,ErgoMax Office Chair,Home & Furniture,delivery,negative,Twitter,2026-08-29,1,plain
1850,Pros: the Bluetooth connection has been flawless so far. Cons: box arrived crushed and the seal was broken. Mixed feelings. #shopping 🤔,AirBeat Earbuds,Electronics,connectivity,neutral,Twitter,2026-08-30,3,mixed
1851,The grip is top notch. Came in really sturdy packaging. Will buy again.,ProGlide Gaming Mouse,Electronics,comfort,positive,Flipkart,2026-08-30,5,plain
1852,Ordered the Lumi LED Desk Lamp for my brother. Delivery was rescheduled again and again. The design feels cheap and flimsy. Regret buying it.,Lumi LED Desk Lamp,Home & Furniture,delivery,negative,Flipkart,2026-08-30,3,plain
1853,"Switched to the UrbanPack Laptop Backpack from my old one, still getting used to it. Let's see how it holds up.",UrbanPack Laptop Backpack,Fashion,design,neutral,Flipkart,2026-08-30,3,wait_and_see
1854,Bought the CrispAir Air Fryer last week. The build quality is brilliant. Delivery was super quick.,CrispAir Air Fryer,Kitchen,build,positive,Flipkart,2026-08-30,5,plain
1855,Really impressed with the cleaning. Support team was helpful and quick. Very happy with the purchase.,BlendPro Blender,Kitchen,cleaning,positive,Flipkart,2026-08-31,5,plain
1856,The build quality is about what you would expect. Average product overall.,BoomBox Speaker,Electronics,build,neutral,Flipkart,2026-08-31,3,plain
1857,"Just unboxed the AirBeat Earbuds, too early to say anything.",AirBeat Earbuds,Electronics,delivery,neutral,Flipkart,2026-08-31,3,wait_and_see
1858,"Got the UrbanPack Laptop Backpack as a gift, still setting it up. It's okay for the price.",UrbanPack Laptop Backpack,Fashion,customer_service,neutral,Flipkart,2026-08-31,3,wait_and_see
1859,Got this ProGlide Gaming Mouse during the sale. Order was stuck in transit for days. The RGB software is the worst I have seen. Avoid this one.,ProGlide Gaming Mouse,Electronics,delivery,negative,Flipkart,2026-08-31,2,plain
1860,"Bought this PulseFit Smartwatch 2 after reading the reviews. Packaging was neat and secure. Display is average, nothing special. Five stars from me.",PulseFit Smartwatch 2,Electronics,packaging,positive,Flipkart,2026-08-31,4,plain
1861,"Upgraded to the PulseFit Smartwatch 2 recently. Since the May update, the app sync works perfectly. The display is brilliant. Will buy again.",PulseFit Smartwatch 2,Electronics,sync,positive,Flipkart,2026-08-31,4,plain
1862,The step and heart-rate tracking has been flawless so far. Will buy again.,PulseFit Smartwatch 2,Electronics,tracking,positive,Flipkart,2026-08-31,4,plain
1863,"Just unboxed the BlendPro Blender, too early to say anything. Nothing more to add.",BlendPro Blender,Kitchen,cleaning,neutral,Flipkart,2026-09-01,3,wait_and_see
1864,"so far so good, sole durability is way better than I expected. #recommended #loveit 😊",StrideRun Running Shoes,Fashion,durability,positive,Twitter,2026-09-01,3,plain
1865,"Sound quality is superb for the price, although the Bluetooth connection stopped working within a week, so it balances out.",AirBeat Earbuds,Electronics,sound,neutral,Flipkart,2026-09-01,2,mixed
1866,@FlipkartSupport tbh the app sync is terrible. Delivery took the usual four to five days. 👎 https://t.co/ynpdgkyen7,PulseFit Smartwatch 2,Electronics,sync,negative,Twitter,2026-09-02,1,plain
1867,only downside: return request rejected for no reason. otherwise worth every penny. #loveit,BoomBox Speaker,Electronics,value,positive,Twitter,2026-09-02,3,mixed
1868,"Using this ErgoMax Office Chair for a month now. Back support is average, nothing special. Nothing more to add.",ErgoMax Office Chair,Home & Furniture,comfort,neutral,Flipkart,2026-09-03,3,plain
1869,@Flipkart Jar quality is nowhere near what was promised. #worstservice #disappointed 😡,BlendPro Blender,Kitchen,build,negative,Twitter,2026-09-03,1,negation
1870,"Got this ErgoMax Office Chair during the sale. Contacted support to check the warranty, they explained the process. Three stars.",ErgoMax Office Chair,Home & Furniture,customer_service,neutral,Flipkart,2026-09-03,3,plain
1871,"Using this AirBeat Earbuds for a month now. Bluetooth connection is fine, neither great nor bad.",AirBeat Earbuds,Electronics,connectivity,neutral,Flipkart,2026-09-03,3,plain
1872,delivery was super quick. 🔥,ErgoMax Office Chair,Home & Furniture,delivery,positive,Twitter,2026-09-04,5,plain
1873,Upgraded to the UrbanPack Laptop Backpack recently. The storage space is not worth the money. Do not buy.,UrbanPack Laptop Backpack,Fashion,space,negative,Flipkart,2026-09-04,2,negation
1874,Got this PowerCore Power Bank during the sale. Really disappointed with the build quality. Can't recommend the capacity to anyone. Avoid this one.,PowerCore Power Bank,Electronics,build,negative,Flipkart,2026-09-04,1,negation
1875,Bought the BlendPro Blender last week. Cleaning is solid and reliable.,BlendPro Blender,Kitchen,cleaning,positive,Flipkart,2026-09-04,5,plain
1876,"Using the PulseFit Smartwatch 2 for two days now, no strong opinion yet. Three stars.",PulseFit Smartwatch 2,Electronics,packaging,neutral,Flipkart,2026-09-05,3,wait_and_see
1877,Bought this BoomBox Speaker after reading the reviews. The build quality is brilliant. The bass never disappoints.,BoomBox Speaker,Electronics,build,positive,Flipkart,2026-09-05,4,negation
1878,Got this PulseFit Smartwatch 2 during the sale. The step and heart-rate tracking is about what you would expect. Let's see how it holds up.,PulseFit Smartwatch 2,Electronics,tracking,neutral,Flipkart,2026-09-05,2,plain
1879,"Not worth the money at all, but honestly the display has been flawless so far and that matters more. https://t.co/t40h6p7gjs",PulseFit Smartwatch 2,Electronics,display,positive,Twitter,2026-09-05,3,mixed
1880,"Ordered the PowerCore Power Bank for my brother. The charging speed is not just good, it is great. The delivery guy was very polite and on time.",PowerCore Power Bank,Electronics,charging,positive,Flipkart,2026-09-05,4,negation
1881,Does the ErgoMax Office Chair support fast charging? Thinking of buying one. It's okay for the price.,ErgoMax Office Chair,Home & Furniture,assembly,neutral,Flipkart,2026-09-05,2,wait_and_see
1882,Bought this UrbanPack Laptop Backpack after reading the reviews. The shoulder padding has been flawless so far. Go for it.,UrbanPack Laptop Backpack,Fashion,comfort,positive,Flipkart,2026-09-05,5,plain
1883,Return and refund were completely hassle-free. Highly recommended!,StrideRun Running Shoes,Fashion,returns,positive,Flipkart,2026-09-06,5,plain
1884,Second ErgoMax Office Chair I have bought from this seller. Height adjustment is decent for daily use. Let's see how it holds up.,ErgoMax Office Chair,Home & Furniture,adjust,neutral,Flipkart,2026-09-06,3,plain
1885,support said a technician will visit next week. priced about the same as other brands. #shopping,Lumi LED Desk Lamp,Home & Furniture,customer_service,neutral,Twitter,2026-09-06,2,plain
1886,Charging speed is genuinely the best in this range. #unboxing,PowerCore Power Bank,Electronics,charging,neutral,Twitter,2026-09-06,5,noisy_label
1887,The grip is okay. Came in a plain brown box. 📦,ProGlide Gaming Mouse,Electronics,comfort,neutral,Twitter,2026-09-06,3,plain
1888,@flipkart seriously total waste of money. #disappointed 😡,Lumi LED Desk Lamp,Home & Furniture,value,negative,Twitter,2026-09-07,2,plain
1889,Bought the ErgoMax Office Chair last week. The assembly is excellent. Highly recommended!,ErgoMax Office Chair,Home & Furniture,assembly,positive,Flipkart,2026-09-08,5,plain
1890,Sound is crisp and the bass is punchy but battery dies before lunch. Average overall. Nothing more to add.,AirBeat Earbuds,Electronics,sound,neutral,Flipkart,2026-09-08,2,mixed
1891,Upgraded to the PulseFit Smartwatch 2 recently. Came in a plain brown box. Delivery was neither fast nor slow. Let's see how it holds up.,PulseFit Smartwatch 2,Electronics,packaging,neutral,Flipkart,2026-09-08,3,plain
1892,Upgraded to the PulseFit Smartwatch 2 recently. Pros: battery easily lasts two days. Cons: packaging was torn and the item was scratched. Mixed feelings. Average product overall.,PulseFit Smartwatch 2,Electronics,battery,neutral,Flipkart,2026-09-08,3,mixed
1893,"Ordered the ProGlide Gaming Mouse today, let's see how it goes. Three stars.",ProGlide Gaming Mouse,Electronics,performance,neutral,Flipkart,2026-09-08,3,wait_and_see
1894,The fit in the ear works perfectly. 😍,AirBeat Earbuds,Electronics,comfort,positive,Twitter,2026-09-08,5,plain
1895,Priced about the same as other brands. Three stars.,Nova 5G Smartphone,Electronics,value,neutral,Flipkart,2026-09-09,2,plain
1896,Got this AirBeat Earbuds during the sale. Battery life is superb for the price. Go for it.,AirBeat Earbuds,Electronics,battery,positive,Flipkart,2026-09-09,5,plain
1897,Bought this Nova 5G Smartphone after reading the reviews. Packaging was neat and secure.,Nova 5G Smartphone,Electronics,packaging,positive,Flipkart,2026-09-09,5,plain
1898,The heat management is brilliant.,PowerCore Power Bank,Electronics,heat,positive,Twitter,2026-09-09,5,plain
1899,Support team was helpful and quick. Can't fault the look. ❤️,StrideRun Running Shoes,Fashion,customer_service,positive,Twitter,2026-09-09,5,negation
1900,ngl support team was helpful and quick. The build quality is top notch.,Lumi LED Desk Lamp,Home & Furniture,customer_service,positive,Twitter,2026-09-09,4,plain
1901,honestly deliveryyy was super quick. #unboxing 😍,PowerCore Power Bank,Electronics,delivery,positive,Twitter,2026-09-09,4,plain
1902,Upgraded to the Nova 5G Smartphone recently. The camera does the job. It's okay for the price.,Nova 5G Smartphone,Electronics,camera,neutral,Flipkart,2026-09-10,3,plain
1903,"The back support works perfectly, although assembly took two hours and two screws were missing, so it balances out. Let's see how it holds up.",ErgoMax Office Chair,Home & Furniture,comfort,neutral,Flipkart,2026-09-10,3,mixed
1904,"@FlipkartSupport Received the ErgoMax Office Chair yesterday, will update after a week of use. #newpurchase #unboxing 🙂",ErgoMax Office Chair,Home & Furniture,value,neutral,Twitter,2026-09-10,3,wait_and_see
1905,"@Flipkart ugh, box arrived crushed and the seal was broken. #refundplease 🙄",StrideRun Running Shoes,Fashion,packaging,negative,Twitter,2026-09-10,2,plain
1906,"Got this PowerCore Power Bank during the sale. The charging speed is brilliant, although delivery was rescheduled again and again, so it balances out. Let's see how it holds up.",PowerCore Power Bank,Electronics,charging,neutral,Flipkart,2026-09-10,2,mixed
1907,Got it at a fantastic price in the sale. Go for it.,UrbanPack Laptop Backpack,Fashion,value,positive,Flipkart,2026-09-11,5,plain
1908,Ordered the UrbanPack Laptop Backpack for my brother. The storage space works perfectly but shoulder padding is a joke at this price. Average overall. Average product overall.,UrbanPack Laptop Backpack,Fashion,space,neutral,Flipkart,2026-09-11,2,mixed
1909,@flipkart got it at a fantastic price in the sale.,PowerCore Power Bank,Electronics,value,positive,Twitter,2026-09-11,4,plain
1910,"fyi motor noise is average, nothing special. Delivered on the expected date. #unboxing #firstimpressions 📦",BlendPro Blender,Kitchen,noise,neutral,Twitter,2026-09-11,2,plain
1911,@flipkart seriously height adjustment is a joke at this price. 😤,ErgoMax Office Chair,Home & Furniture,adjust,negative,Twitter,2026-09-11,3,plain
1912,"Customer support solved my issue in minutes. Yes, sound quality gave up after just a few days, but overall I am happy.",AirBeat Earbuds,Electronics,customer_service,positive,Flipkart,2026-09-12,4,mixed
1913,support said a technician will visit next week. price is reasonable for what you get. 📦,AirBeat Earbuds,Electronics,customer_service,neutral,Twitter,2026-09-12,3,plain
1914,"can't recommend the bluetooth connection to anyone, but honestly support team was helpful and quick and that matters more. 😊",AirBeat Earbuds,Electronics,customer_service,positive,Twitter,2026-09-12,4,mixed
1915,"Second ProGlide Gaming Mouse I have bought from this seller. Grip is average, nothing special. Three stars.",ProGlide Gaming Mouse,Electronics,comfort,neutral,Flipkart,2026-09-13,3,plain
1916,"Bought this ErgoMax Office Chair after reading the reviews. Back support is fine, neither great nor bad. Nothing more to add.",ErgoMax Office Chair,Home & Furniture,comfort,neutral,Flipkart,2026-09-13,3,plain
1917,"Using this ErgoMax Office Chair for a month now. Support chat closed my ticket without fixing anything, but honestly height adjustment is way better than I expected and that matters more.",ErgoMax Office Chair,Home & Furniture,adjust,positive,Flipkart,2026-09-13,4,mixed
1918,Bought the AirBeat Earbuds last week. Really impressed with the Bluetooth connection. Sound is fine for podcasts. Go for it.,AirBeat Earbuds,Electronics,connectivity,positive,Flipkart,2026-09-13,5,plain
1919,Second AirBeat Earbuds I have bought from this seller. The sound quality has been flawless so far. Fit in the ear is way better than I expected.,AirBeat Earbuds,Electronics,sound,positive,Flipkart,2026-09-13,5,plain
1920,Charging speed is way better than I expected. Capacity is way better than I expected.,PowerCore Power Bank,Electronics,charging,positive,Flipkart,2026-09-13,5,plain
1921,"Got this AirBeat Earbuds during the sale. The fit in the ear is the worst I have seen, but honestly worth every penny and that matters more. Five stars from me.",AirBeat Earbuds,Electronics,value,positive,Flipkart,2026-09-13,3,mixed
1922,Customer care keeps giving me copy-paste replies. #disappointed,PowerCore Power Bank,Electronics,customer_service,negative,Twitter,2026-09-13,1,plain
1923,Great value for money. #recommended ❤️,ProGlide Gaming Mouse,Electronics,value,positive,Twitter,2026-09-14,4,plain
1924,Replacement arrived within three days. Go for it.,ProGlide Gaming Mouse,Electronics,returns,positive,Flipkart,2026-09-14,5,plain
1925,Return and refund were completely hassle-free.,BoomBox Speaker,Electronics,returns,positive,Flipkart,2026-09-14,4,plain
1926,"Got the ErgoMax Office Chair as a gift, still setting it up. Three stars.",ErgoMax Office Chair,Home & Furniture,adjust,neutral,Flipkart,2026-09-15,3,wait_and_see
1927,Ordered the BoomBox Speaker for my brother. Sound is crisp and the bass is punchy. Very happy with the purchase.,BoomBox Speaker,Electronics,sound,positive,Flipkart,2026-09-15,5,plain
1928,@FlipkartSupport Support chat closed my ticket without fixing anything.,AirBeat Earbuds,Electronics,customer_service,negative,Twitter,2026-09-15,3,plain
1929,Ordered the Lumi LED Desk Lamp for my brother. The build quality works perfectly. Five stars from me.,Lumi LED Desk Lamp,Home & Furniture,build,positive,Flipkart,2026-09-16,4,plain
1930,Got this CrispAir Air Fryer during the sale. Only downside: return request rejected for no reason. Otherwise customer support solved my issue in minutes. Very happy with the purchase.,CrispAir Air Fryer,Kitchen,customer_service,positive,Flipkart,2026-09-16,4,mixed
1931,"so far so good, customer care keeps giving me copy-paste replies, but honestly the performance is excellent and that matters more. #loveit #unboxing",Nova 5G Smartphone,Electronics,performance,positive,Twitter,2026-09-16,4,mixed
1932,Got this PulseFit Smartwatch 2 during the sale. Delivery was super quick. Support team was helpful and quick. Highly recommended!,PulseFit Smartwatch 2,Electronics,delivery,positive,Flipkart,2026-09-16,5,plain
1933,"Using the Nova 5G Smartphone for two days now, no strong opinion yet. It's okay for the price.",Nova 5G Smartphone,Electronics,build,neutral,Flipkart,2026-09-16,3,wait_and_see
1934,The charging speed is the worst I have seen. Box arrived crushed and the seal was broken. 😡,PowerCore Power Bank,Electronics,charging,negative,Twitter,2026-09-16,3,plain
1935,Bought this StrideRun Running Shoes after reading the reviews. Pros: the sole durability has been flawless so far. Cons: delivery was rescheduled again and again. Mixed feelings.,StrideRun Running Shoes,Fashion,durability,neutral,Flipkart,2026-09-16,2,mixed
1936,Ordered the Nova 5G Smartphone for my brother. Absolutely love the performance. Came in really sturdy packaging.,Nova 5G Smartphone,Electronics,performance,positive,Flipkart,2026-09-16,4,plain
1937,Does the CrispAir Air Fryer support fast charging? Thinking of buying one. Three stars.,CrispAir Air Fryer,Kitchen,performance,neutral,Flipkart,2026-09-16,3,wait_and_see
1938,Bought the ErgoMax Office Chair last week. The build quality works perfectly. Highly recommended!,ErgoMax Office Chair,Home & Furniture,build,positive,Flipkart,2026-09-17,4,plain
1939,Look is far worse than advertised.,StrideRun Running Shoes,Fashion,design,negative,Flipkart,2026-09-17,1,plain
1940,"Just unboxed the BoomBox Speaker, too early to say anything. Three stars.",BoomBox Speaker,Electronics,sound,neutral,Flipkart,2026-09-18,3,wait_and_see
1941,@Flipkart tbh customer care keeps giving me copy-paste replies. The stitching does the job.,UrbanPack Laptop Backpack,Fashion,customer_service,negative,Twitter,2026-09-18,1,plain
1942,"The display is not just good, it is great. #unboxing",PulseFit Smartwatch 2,Electronics,display,positive,Twitter,2026-09-18,4,negation
1943,"Got the PulseFit Smartwatch 2 as a gift, still setting it up. 📦 https://t.co/azp803z1uk",PulseFit Smartwatch 2,Electronics,sync,neutral,Twitter,2026-09-18,3,wait_and_see
1944,The app sync is okay. Let's see how it holds up.,PulseFit Smartwatch 2,Electronics,sync,neutral,Flipkart,2026-09-18,4,plain
1945,"Bought the AirBeat Earbuds last week. Fit in the ear is average, nothing special. Contacted support to check the warranty, they explained the process. Let's see how it holds up.",AirBeat Earbuds,Electronics,comfort,neutral,Flipkart,2026-09-18,3,plain
1946,"Using the StrideRun Running Shoes for two days now, no strong opinion yet.",StrideRun Running Shoes,Fashion,durability,neutral,Flipkart,2026-09-18,3,wait_and_see
1947,Ordered the CrispAir Air Fryer for my brother. The build quality is about what you would expect. Noise level is decent for daily use.,CrispAir Air Fryer,Kitchen,build,negative,Flipkart,2026-09-18,2,noisy_label
1948,Bought this StrideRun Running Shoes after reading the reviews. Fits true to size. Very happy with the purchase.,StrideRun Running Shoes,Fashion,fit,positive,Flipkart,2026-09-18,4,plain
1949,"Using the BoomBox Speaker for two days now, no strong opinion yet. Three stars.",BoomBox Speaker,Electronics,battery,neutral,Flipkart,2026-09-19,2,wait_and_see
1950,Got this AirBeat Earbuds during the sale. Return and refund were completely hassle-free. Worth every penny. Five stars from me.,AirBeat Earbuds,Electronics,returns,positive,Flipkart,2026-09-19,3,plain
1951,great value for money. #loveit,UrbanPack Laptop Backpack,Fashion,value,positive,Twitter,2026-09-19,5,plain
1952,Second ProGlide Gaming Mouse I have bought from this seller. Packaging was torn and the item was scratched. Avoid this one.,ProGlide Gaming Mouse,Electronics,packaging,negative,Flipkart,2026-09-19,2,plain
1953,"ugh, build quality is way better than I expected, but packaging was torn and the item was scratched. 🙄",Nova 5G Smartphone,Electronics,packaging,negative,Twitter,2026-09-19,2,mixed
1954,Ordered the BlendPro Blender for my brother. Still waiting for my refund after three weeks. Not worth the money at all. Returning it.,BlendPro Blender,Kitchen,returns,negative,Flipkart,2026-09-19,1,plain
1955,Second UrbanPack Laptop Backpack I have bought from this seller. Replacement arrived within three days. Packaging was neat and secure.,UrbanPack Laptop Backpack,Fashion,returns,positive,Flipkart,2026-09-19,5,plain
1956,the display is awful.,PulseFit Smartwatch 2,Electronics,display,negative,Twitter,2026-09-20,1,plain
1957,"Absolutely love the back support. Contacted support to check the warranty, they explained the process. Five stars from me.",ErgoMax Office Chair,Home & Furniture,comfort,positive,Flipkart,2026-09-20,5,plain
1958,"@FlipkartSupport After the latest firmware update, the app sync never disappoints. Worth every penny. #happycustomer",PulseFit Smartwatch 2,Electronics,sync,positive,Twitter,2026-09-21,5,negation
1959,the assembly has been flawless so far. the build quality is brilliant. #unboxing 😊,ErgoMax Office Chair,Home & Furniture,assembly,positive,Twitter,2026-09-21,4,plain
1960,@flipkartsupport the display is brilliant. replacement arrived within three days. #unboxing #recommended 🔥 https://t.co/bs7byd273k,PulseFit Smartwatch 2,Electronics,display,positive,Twitter,2026-09-21,4,plain
1961,Worth every penny. Delivery was super quick.,Nova 5G Smartphone,Electronics,value,positive,Flipkart,2026-09-21,5,plain
1962,the parcel was delayed three times. 👎 https://t.co/jkwhwzt9pr,AirBeat Earbuds,Electronics,delivery,negative,Twitter,2026-09-22,1,plain
1963,tbh support team was helpful and quick. Great value for money. 😍,Nova 5G Smartphone,Electronics,customer_service,positive,Twitter,2026-09-22,3,plain
1964,"Received the StrideRun Running Shoes yesterday, will update after a week of use.",StrideRun Running Shoes,Fashion,fit,neutral,Flipkart,2026-09-22,4,wait_and_see
1965,Jar quality is solid and reliable. Return pickup is scheduled for tomorrow. #techreview,BlendPro Blender,Kitchen,build,positive,Twitter,2026-09-22,4,plain
1966,the build quality is top notch. priced about the same as other brands. #unboxing #loveit 😊,PowerCore Power Bank,Electronics,build,positive,Twitter,2026-09-22,5,plain
1967,Battery life is genuinely the best in this range. 👍 https://t.co/6mxmk5p6ky,Nova 5G Smartphone,Electronics,battery,positive,Twitter,2026-09-22,3,plain
1968,Still waiting for my refund after three weeks. Order was stuck in transit for days. Do not buy.,BoomBox Speaker,Electronics,returns,negative,Flipkart,2026-09-23,1,plain
1969,"@flipkart fantastic, ordered a blendpro blender and received an empty box. amazing service. #scam 💔",BlendPro Blender,Kitchen,customer_service,negative,Twitter,2026-09-23,1,sarcasm
1970,Raised a complaint 10 days ago and still no response. #fail #disappointed 🙄,ErgoMax Office Chair,Home & Furniture,customer_service,negative,Twitter,2026-09-23,3,plain
1971,Only downside: raised a complaint 10 days ago and still no response. Otherwise really impressed with the build quality. 😊,Lumi LED Desk Lamp,Home & Furniture,build,positive,Twitter,2026-09-24,4,mixed
1972,"Ordered the BoomBox Speaker for my brother. Delivery took almost two weeks, but honestly build quality is solid and reliable and that matters more.",BoomBox Speaker,Electronics,build,positive,Flipkart,2026-09-24,4,mixed
1973,Assembly took two hours and two screws were missing.,ErgoMax Office Chair,Home & Furniture,assembly,negative,Flipkart,2026-09-24,1,plain
1974,@flipkart fyi height adjustment is standard for this segment.,ErgoMax Office Chair,Home & Furniture,adjust,neutral,Twitter,2026-09-24,3,plain
1975,Using this CrispAir Air Fryer for a month now. Only downside: the delivery person never showed up. Otherwise customer support solved my issue in minutes.,CrispAir Air Fryer,Kitchen,customer_service,positive,Flipkart,2026-09-24,3,mixed
1976,Only downside: jar quality is a joke at this price. Otherwise the blending power is excellent. #techreview #happycustomer,BlendPro Blender,Kitchen,performance,positive,Twitter,2026-09-25,4,mixed
1977,"ugh, seriously overpriced for what you get. 😡 https://t.co/jwx984khpp",Nova 5G Smartphone,Electronics,value,negative,Twitter,2026-09-25,1,plain
1978,tbh box arrived crushed and the seal was broken. https://t.co/3y80vdpt5e,PulseFit Smartwatch 2,Electronics,packaging,negative,Twitter,2026-09-25,2,plain
1979,Second BoomBox Speaker I have bought from this seller. Delivery was super quick. Highly recommended!,BoomBox Speaker,Electronics,delivery,positive,Flipkart,2026-09-26,4,plain
1980,"Since the May update, customer care keeps giving me copy-paste replies, but honestly battery easily lasts two days and that matters more. 👍",PulseFit Smartwatch 2,Electronics,battery,positive,Twitter,2026-09-26,4,mixed
1981,Came in really sturdy packaging. Look is way better than I expected. 🔥,StrideRun Running Shoes,Fashion,packaging,positive,Twitter,2026-09-26,3,plain
1982,honestly support team was helpful and quick. #loveit 😍,AirBeat Earbuds,Electronics,customer_service,positive,Twitter,2026-09-26,3,plain
1983,Raised a complaint 10 days ago and still no response.,UrbanPack Laptop Backpack,Fashion,customer_service,negative,Twitter,2026-09-27,3,plain
1984,Bought the ProGlide Gaming Mouse last week. The grip stopped working within a week. Returning it.,ProGlide Gaming Mouse,Electronics,comfort,negative,Flipkart,2026-09-27,1,plain
1985,Bought the Lumi LED Desk Lamp last week. The build quality is brilliant.,Lumi LED Desk Lamp,Home & Furniture,build,positive,Flipkart,2026-09-27,4,plain
1986,"so far so good, the delivery guy was very polite and on time. 😊",StrideRun Running Shoes,Fashion,delivery,positive,Twitter,2026-09-27,5,plain
1987,return and refund were completely hassle-free. support team was helpful and quick. #happycustomer #unboxing,BlendPro Blender,Kitchen,returns,positive,Twitter,2026-09-27,5,plain
1988,Ordered the UrbanPack Laptop Backpack for my brother. The shoulder padding has been flawless so far. Design is decent for daily use. Five stars from me.,UrbanPack Laptop Backpack,Fashion,comfort,positive,Flipkart,2026-09-28,5,plain
1989,@flipkart ngl came in really sturdy packaging. 👍 https://t.co/mnfp3i63v3,Lumi LED Desk Lamp,Home & Furniture,packaging,positive,Twitter,2026-09-28,4,plain
1990,Bought the Nova 5G Smartphone last week. The camera is about what you would expect. Let's see how it holds up.,Nova 5G Smartphone,Electronics,camera,neutral,Flipkart,2026-09-28,2,plain
1991,"Bought this ErgoMax Office Chair after reading the reviews. Replacement arrived within three days. Assembly took ten minutes, very easy. Go for it.",ErgoMax Office Chair,Home & Furniture,returns,positive,Flipkart,2026-09-28,4,plain
1992,Bought this CrispAir Air Fryer after reading the reviews. Only downside: box arrived crushed and the seal was broken. Otherwise the non-stick basket is excellent.,CrispAir Air Fryer,Kitchen,cleaning,positive,Flipkart,2026-09-28,3,mixed
1993,Battery drains overnight even when idle. #refundplease #fail,PulseFit Smartwatch 2,Electronics,battery,neutral,Twitter,2026-09-29,3,noisy_label
1994,@flipkartsupport not worth the money at all. 👎,ErgoMax Office Chair,Home & Furniture,value,negative,Twitter,2026-09-29,1,plain
1995,@FlipkartSupport Cleaning gave up after just a few days. #scam #disappointed 😤,BlendPro Blender,Kitchen,cleaning,negative,Twitter,2026-09-29,1,plain
1996,"@flipkartsupport ugh, motor noise gave up after just a few days. packaging was torn and the item was scratched.",BlendPro Blender,Kitchen,noise,negative,Twitter,2026-09-29,1,plain
1997,@FlipkartSupport Customer care keeps giving me copy-paste replies. #fail #scam 😤,ErgoMax Office Chair,Home & Furniture,customer_service,negative,Twitter,2026-09-29,2,plain
1998,"ugh, delivery took almost two weeks. The build quality stopped working within a week.",PowerCore Power Bank,Electronics,delivery,negative,Twitter,2026-09-30,1,plain
1999,"@FlipkartSupport ugh, raised a complaint 10 days ago and still no response, even though the sole durability is top notch.",StrideRun Running Shoes,Fashion,customer_service,negative,Twitter,2026-09-30,2,mixed
2000,"Ordered the Nova 5G Smartphone for my brother. Really impressed with the camera, although box arrived crushed and the seal was broken, so it balances out.",Nova 5G Smartphone,Electronics,camera,neutral,Flipkart,2026-09-30,3,mixed
